{"stats":{"minecraft:custom":{"minecraft:time_since_rest":887,"minecraft:damage_taken":1460,"minecraft:crouch_one_cm":313,"minecraft:leave_game":12,"minecraft:play_time":349731,"minecraft:sprint_one_cm":1813,"minecraft:time_since_death":14126,"minecraft:walk_one_cm":212,"minecraft:deaths":1,"minecraft:sleep_in_bed":39,"minecraft:sneak_time":330383,"minecraft:total_world_time":349731,"minecraft:fall_one_cm":13094,"minecraft:fly_one_cm":2043,"minecraft:jump":1},"minecraft:killed_by":{"minecraft:phantom":1}},"DataVersion":3465}