{"stats":{"minecraft:killed_by":{"undead_revamp2:thespitter":1},"minecraft:crafted":{"minecraft:iron_sword":1,"minecraft:bread":9,"minecraft:iron_axe":1,"tombstone:grave_key":1,"minecraft:wheat":27},"minecraft:used":{"minecraft:iron_sword":74,"minecraft:torch":20,"alexscaves:cave_book":2,"minecraft:bread":14,"minecraft:iron_pickaxe":95,"minecraft:cyan_carpet":6,"tombstone:grave_key":2,"friendsandfoes:totem_of_freezing":1,"minecraft:cobblestone":2,"tombstone:gift":2,"alexsmobs:animal_dictionary":1},"minecraft:custom":{"minecraft:mob_kills":21,"minecraft:interact_with_crafting_table":8,"minecraft:open_barrel":3,"minecraft:interact_with_loom":2,"minecraft:leave_game":2,"minecraft:time_since_death":5615,"minecraft:time_since_rest":4839,"minecraft:sprint_one_cm":91746,"minecraft:damage_taken":929,"minecraft:walk_one_cm":76154,"minecraft:drop":5,"minecraft:damage_dealt":3194,"minecraft:swim_one_cm":160,"minecraft:fly_one_cm":253593,"minecraft:open_chest":22,"minecraft:crouch_one_cm":3438,"minecraft:play_time":58692,"tombstone:undead_killed":6,"minecraft:deaths":1,"minecraft:sneak_time":2553,"minecraft:walk_under_water_one_cm":3317,"tombstone:villager_killed":6,"minecraft:jump":524,"minecraft:interact_with_blast_furnace":1,"minecraft:walk_on_water_one_cm":849,"minecraft:total_world_time":58692,"minecraft:fall_one_cm":16664},"minecraft:mined":{"alexscaves:spelunkery_table":1,"luminousworld:groundpebbles_1":1,"luminousworld:yellowpetunias":1,"iceandfire:silver_ore":4,"luminousworld:purple_petunias":1,"minecraft:dandelion":1,"minecraft:crafting_table":1,"minecraft:torch":4,"minecraft:blast_furnace":1,"minecraft:grass_block":4,"born_in_chaos_v1:black_argillite":4,"luminousworld:grassvariant_2":2,"minecraft:tall_grass":2,"minecraft:cobblestone":5,"minecraft:damaged_anvil":3,"minecraft:wall_torch":4,"minecraft:hay_block":3,"minecraft:light_blue_bed":8,"minecraft:furnace":3,"minecraft:iron_ore":4,"minecraft:birch_leaves":1,"minecraft:brown_bed":13,"minecraft:bell":1,"minecraft:grass":5,"minecraft:bookshelf":1,"minecraft:lantern":2,"minecraft:end_rod":3,"minecraft:cyan_carpet":6,"minecraft:dirt":8,"luminousworld:grassvariant_3":1,"minecraft:stone":7,"iceandfire:dread_stone_bricks_cracked":1,"minecraft:oak_leaves":2},"minecraft:killed":{"luminousworld:miner_zombie":1,"alexsmobs:hummingbird":1,"minecraft:cave_spider":1,"alexsmobs:raccoon":2,"minecraft:spider":1,"earthmobsmod:lobber_zombie":1,"born_in_chaos_v1:maggot":1,"undead_revamp2:sucker":2,"minecraft:villager":6,"undead_revamp2:thespitter":1,"enemyexpansion:wasp":1,"enemyexpansion:slugger":1},"minecraft:picked_up":{"luminousworld:groundpebbles_1":2,"born_in_chaos_v1:corpse_maggot":1,"minecraft:crafting_table":1,"minecraft:brown_bed":1,"minecraft:lantern":2,"minecraft:cyan_carpet":6,"minecraft:bell":1,"minecraft:iron_sword":1,"minecraft:furnace":3,"friendsandfoes:totem_of_freezing":1,"minecraft:book":3,"minecraft:raw_iron":4,"minecraft:torch":8,"minecraft:blast_furnace":1,"minecraft:spider_eye":1,"minecraft:rotten_flesh":4,"luminousworld:yellowpetunias":1,"minecraft:hay_block":3,"alexscaves:spelunkery_table":1,"minecraft:blue_ice":2,"minecraft:emerald":1,"minecraft:end_rod":3,"minecraft:damaged_anvil":3,"iceandfire:raw_silver":4,"minecraft:cobblestone":11},"minecraft:dropped":{"luminousworld:yellowpetunias":1,"minecraft:leather_helmet":1,"minecraft:stick":8,"minecraft:leather_chestplate":1,"born_in_chaos_v1:corpse_maggot":1}},"DataVersion":3465}