{"stats":{"minecraft:mined":{"minecraft:hay_block":16,"minecraft:mossy_cobblestone":1,"minecraft:dandelion":1,"minecraft:grass":3,"minecraft:potted_dandelion":1,"minecraft:oak_log":23,"minecraft:cobblestone":38,"minecraft:oak_leaves":16},"minecraft:picked_up":{"minecraft:stick":11,"minecraft:flower_pot":2,"minecraft:dandelion":4,"minecraft:torch":4,"minecraft:oak_log":59,"minecraft:pink_concrete_powder":2,"minecraft:mossy_cobblestone":2,"minecraft:apple":2,"minecraft:stone_axe":1,"minecraft:wheat_seeds":1,"minecraft:bucket":1,"minecraft:hay_block":16,"minecraft:stone_pickaxe":1,"minecraft:oak_sapling":10,"minecraft:oak_planks":1,"minecraft:cobblestone":53},"minecraft:killed_by":{"minecraft:iron_golem":1},"minecraft:used":{"minecraft:water_bucket":1,"minecraft:stone_sword":25,"minecraft:bread":1,"minecraft:stone_pickaxe":37,"minecraft:wooden_pickaxe":3,"minecraft:cauldron":1,"minecraft:stone_axe":23,"minecraft:cobblestone":13,"minecraft:crafting_table":1,"minecraft:dandelion":1},"minecraft:custom":{"minecraft:time_since_rest":3113,"minecraft:sprint_one_cm":18334,"minecraft:damage_taken":286,"minecraft:walk_one_cm":20764,"minecraft:drop":3,"minecraft:damage_dealt":630,"minecraft:interact_with_crafting_table":7,"minecraft:fly_one_cm":35748,"minecraft:fill_cauldron":1,"minecraft:crouch_one_cm":2559,"minecraft:play_time":27848,"minecraft:deaths":1,"minecraft:sneak_time":1261,"minecraft:jump":148,"minecraft:leave_game":5,"minecraft:walk_on_water_one_cm":42,"minecraft:time_since_death":3088,"minecraft:total_world_time":27848,"minecraft:fall_one_cm":3759},"minecraft:dropped":{"minecraft:dandelion":1,"minecraft:pink_concrete_powder":2},"minecraft:crafted":{"minecraft:oak_planks":12,"minecraft:crafting_table":1,"minecraft:stick":8,"minecraft:wooden_pickaxe":1,"minecraft:stone_pickaxe":1,"minecraft:stone_sword":1,"minecraft:stone_axe":1,"minecraft:bread":54,"minecraft:wheat":162}},"DataVersion":3465}