{"stats":{"minecraft:broken":{"minecraft:stone_axe":2,"minecraft:iron_pickaxe":3,"minecraft:stone_shovel":19,"minecraft:iron_hoe":1},"minecraft:custom":{"minecraft:mob_kills":16,"minecraft:interact_with_crafting_table":77,"minecraft:fill_cauldron":1,"minecraft:open_shulker_box":117,"minecraft:bell_ring":13,"minecraft:leave_game":43,"minecraft:time_since_death":576342,"minecraft:sprint_one_cm":464261,"minecraft:walk_one_cm":668478,"minecraft:drop":3907,"minecraft:talked_to_villager":8,"minecraft:play_time":651321,"minecraft:deaths":2,"minecraft:sneak_time":42443,"minecraft:walk_under_water_one_cm":25433,"minecraft:boat_one_cm":8002,"minecraft:interact_with_lectern":1,"minecraft:jump":3117,"minecraft:walk_on_water_one_cm":69217,"minecraft:total_world_time":651321,"minecraft:interact_with_furnace":293,"minecraft:tune_noteblock":3137,"minecraft:sleep_in_bed":7,"minecraft:time_since_rest":490927,"minecraft:damage_taken":2310,"minecraft:damage_dealt":7513,"minecraft:interact_with_beacon":4,"minecraft:swim_one_cm":28192,"minecraft:fly_one_cm":1302950,"minecraft:open_chest":189,"minecraft:crouch_one_cm":128782,"minecraft:fall_one_cm":59049},"minecraft:used":{"minecraft:oak_trapdoor":97,"minecraft:writable_book":40,"minecraft:stone_sword":128,"minecraft:flint_and_steel":1,"minecraft:stone_shovel":2505,"minecraft:redstone":222,"minecraft:oak_sign":28,"minecraft:chest":15,"minecraft:stone":24,"minecraft:bell":5,"minecraft:stone_hoe":94,"minecraft:torch":49,"minecraft:soul_sand":1,"minecraft:dirt":1008,"minecraft:white_carpet":2,"minecraft:carrot":320,"minecraft:shulker_box":91,"minecraft:obsidian":12,"minecraft:polished_deepslate_stairs":1,"minecraft:glass":812,"minecraft:iron_hoe":250,"minecraft:iron_block":30,"minecraft:iron_axe":237,"minecraft:grass_block":17,"minecraft:oak_stairs":6,"minecraft:slime_block":11,"minecraft:item_frame":2,"minecraft:tripwire_hook":2,"minecraft:furnace":12,"minecraft:observer":3,"minecraft:water_bucket":69,"minecraft:stone_pickaxe":88,"minecraft:powered_rail":30,"minecraft:oak_planks":204,"minecraft:cauldron":1,"minecraft:wooden_pickaxe":3,"minecraft:beacon":19,"minecraft:sandstone":3,"minecraft:black_shulker_box":28,"minecraft:diamond_axe":14,"minecraft:composter":25,"minecraft:fletching_table":2,"minecraft:sand":3,"minecraft:comparator":68,"minecraft:oak_slab":2,"minecraft:crafting_table":10,"minecraft:white_bed":27,"minecraft:note_block":1,"minecraft:shears":55,"minecraft:redstone_torch":2,"minecraft:oak_log":2,"minecraft:lever":3,"minecraft:diamond_pickaxe":173,"minecraft:bread":37,"minecraft:iron_pickaxe":783,"minecraft:string":7,"minecraft:lectern":62,"minecraft:spruce_trapdoor":11,"minecraft:stone_axe":270,"minecraft:cobblestone":42,"minecraft:white_stained_glass":1,"minecraft:bucket":68,"minecraft:birch_log":5,"minecraft:stripped_oak_log":61,"minecraft:yellow_bed":3,"minecraft:oak_boat":3,"minecraft:chest_minecart":6,"minecraft:dandelion":2,"minecraft:kelp":12},"minecraft:killed_by":{"minecraft:iron_golem":1,"minecraft:skeleton":1},"minecraft:crafted":{"minecraft:oak_planks":1048,"minecraft:stone_shovel":19,"minecraft:oak_sign":30,"minecraft:tripwire_hook":2,"minecraft:polished_deepslate_wall":54,"minecraft:polished_deepslate_stairs":24,"minecraft:furnace":12,"minecraft:lever":1,"minecraft:white_carpet":4146,"minecraft:oak_trapdoor":86,"minecraft:flint_and_steel":1,"minecraft:glass":1254,"minecraft:diamond_helmet":1,"minecraft:diamond_leggings":1,"minecraft:polished_deepslate":120,"minecraft:iron_axe":1,"minecraft:iron_hoe":1,"minecraft:stone_pickaxe":1,"minecraft:chest":9,"minecraft:diamond_boots":1,"minecraft:stone_hoe":2,"minecraft:wheat":162,"minecraft:oak_slab":132,"minecraft:diamond_axe":1,"minecraft:crafting_table":4,"minecraft:wooden_pickaxe":1,"minecraft:stone_axe":2,"minecraft:polished_deepslate_slab":60,"minecraft:bread":54,"minecraft:air":0,"minecraft:oak_boat":1,"minecraft:white_wool":4081,"minecraft:diamond_pickaxe":3,"minecraft:stick":180,"minecraft:iron_pickaxe":4,"minecraft:oak_stairs":36,"minecraft:stone_sword":1,"minecraft:white_bed":9,"minecraft:composter":8,"minecraft:shears":2,"minecraft:diamond_chestplate":1},"minecraft:picked_up":{"minecraft:seagrass":18,"minecraft:crafting_table":3,"minecraft:wheat":15,"minecraft:chicken":1,"minecraft:flower_pot":3,"minecraft:chest_minecart":32,"minecraft:oak_stairs":1,"minecraft:enchanted_book":7,"minecraft:string":16869,"minecraft:item_frame":8,"minecraft:white_carpet":6559,"minecraft:oak_sign":1,"minecraft:activator_rail":7,"minecraft:cartography_table":1,"minecraft:black_shulker_box":60,"minecraft:comparator":115,"minecraft:bucket":2,"minecraft:oak_boat":3,"minecraft:redstone_torch":1,"minecraft:poppy":8,"minecraft:iron_pickaxe":1,"minecraft:lectern":65,"minecraft:sugar_cane":11,"minecraft:chest":1,"minecraft:birch_sapling":2,"minecraft:stick":113,"minecraft:sandstone":4,"minecraft:oak_door":1,"minecraft:composter":4,"minecraft:torch":274,"minecraft:carrot":4,"minecraft:redstone":220,"minecraft:stone_sword":1,"minecraft:rotten_flesh":18,"minecraft:stone_shovel":4,"minecraft:beetroot_seeds":22,"minecraft:hay_block":25,"minecraft:iron_block":3,"minecraft:gold_ingot":3,"minecraft:glow_berries":47,"minecraft:rail":156,"minecraft:white_wool":7949,"minecraft:cobblestone":75,"minecraft:birch_log":4,"minecraft:feather":2,"minecraft:beacon":27,"minecraft:potato":5,"minecraft:oak_log":482,"minecraft:yellow_bed":1,"minecraft:lapis_lazuli":24,"minecraft:pink_concrete_powder":2,"minecraft:dirt":6,"minecraft:name_tag":19,"minecraft:apple":12,"minecraft:kelp":166,"minecraft:wheat_seeds":59,"minecraft:orange_tulip":1,"minecraft:iron_ingot":62,"minecraft:stone_pickaxe":3,"minecraft:powered_rail":10,"minecraft:stone_hoe":1,"minecraft:oak_planks":117,"minecraft:dandelion":6,"minecraft:gravel":4,"minecraft:sand":481,"minecraft:white_bed":6,"minecraft:spider_eye":2,"minecraft:shulker_box":54,"minecraft:mossy_cobblestone":3,"minecraft:pumpkin_seeds":25,"minecraft:diamond":10,"minecraft:stone_axe":3,"minecraft:writable_book":22,"minecraft:bread":63,"minecraft:oak_sapling":152,"minecraft:melon_seeds":29,"minecraft:coal":44,"minecraft:oak_leaves":7,"minecraft:diamond_pickaxe":1},"minecraft:killed":{"minecraft:spider":1,"minecraft:chicken":1,"minecraft:iron_golem":6,"minecraft:zombie":5,"minecraft:villager":1},"minecraft:dropped":{"minecraft:enchanted_book":1,"minecraft:wheat_seeds":54,"minecraft:mossy_cobblestone":1,"minecraft:crafting_table":1,"minecraft:orange_tulip":1,"minecraft:chest_minecart":24,"minecraft:grass_block":1,"minecraft:stick":1,"minecraft:dirt":1,"minecraft:seagrass":27,"minecraft:white_wool":7949,"minecraft:dandelion":2,"minecraft:stone_shovel":1,"minecraft:white_carpet":6516,"minecraft:rotten_flesh":3,"minecraft:oak_planks":5,"minecraft:shulker_box":1,"minecraft:poppy":2,"minecraft:diamond_pickaxe":1,"minecraft:beetroot_seeds":22,"minecraft:melon_seeds":25,"minecraft:spider_eye":1,"minecraft:sandstone":1,"minecraft:stone_pickaxe":1,"minecraft:oak_leaves":3,"minecraft:pink_concrete_powder":2,"minecraft:lectern":64},"minecraft:mined":{"minecraft:black_shulker_box":50,"minecraft:tuff":39,"minecraft:white_bed":13,"minecraft:farmland":28,"minecraft:mossy_cobblestone":2,"minecraft:deepslate_diamond_ore":45,"minecraft:oak_door":2,"minecraft:shulker_box":51,"minecraft:obsidian":12,"minecraft:grass_block":438,"minecraft:yellow_carpet":3,"minecraft:soul_soil":15,"minecraft:kelp":25,"minecraft:composter":17,"minecraft:cartography_table":1,"minecraft:oak_wall_sign":7,"minecraft:sandstone":2,"minecraft:hay_block":25,"minecraft:tall_seagrass":25,"minecraft:oak_trapdoor":12,"minecraft:carrots":1,"minecraft:fletching_table":3,"minecraft:bell":5,"minecraft:potatoes":1,"minecraft:potted_dandelion":1,"minecraft:pointed_dripstone":2,"minecraft:dirt_path":197,"minecraft:rail":15,"minecraft:oak_stairs":11,"minecraft:stripped_oak_log":35,"minecraft:stone":540,"minecraft:iron_block":3,"minecraft:tripwire":4,"minecraft:smithing_table":1,"minecraft:oak_slab":1,"minecraft:comparator":89,"minecraft:soul_sand":32,"minecraft:kelp_plant":49,"minecraft:polished_deepslate_stairs":1,"minecraft:dandelion":1,"minecraft:oak_fence":9,"minecraft:crafting_table":5,"minecraft:torch":28,"minecraft:beacon":27,"minecraft:chest":3,"minecraft:lectern":1,"minecraft:copper_ore":1,"minecraft:tall_grass":16,"minecraft:glass":74,"minecraft:cobblestone":108,"minecraft:oak_planks":115,"minecraft:sugar_cane":10,"minecraft:wall_torch":17,"minecraft:seagrass":14,"minecraft:birch_log":2,"minecraft:white_carpet":2,"minecraft:stripped_oak_wood":1,"minecraft:orange_tulip":1,"minecraft:yellow_bed":3,"minecraft:grass":60,"minecraft:oak_log":149,"minecraft:coal_ore":26,"minecraft:gravel":46,"minecraft:sand":1258,"minecraft:dirt":502,"minecraft:netherrack":2,"minecraft:deepslate":123,"minecraft:oak_leaves":82}},"DataVersion":3465}