{"stats":{"minecraft:killed_by":{"undead_revamp2:thespitter":1,"enemyexpansion:invisicreeper":1},"minecraft:crafted":{"minecraft:oak_planks":24,"minecraft:iron_axe":1,"tombstone:grave_key":4,"minecraft:iron_hoe":3,"minecraft:wheat":27,"minecraft:iron_sword":1,"sophisticatedbackpacks:upgrade_base":1,"minecraft:bread":9,"minecraft:shield":1,"minecraft:stick":8},"minecraft:used":{"minecraft:iron_sword":208,"minecraft:torch":78,"minecraft:iron_hoe":340,"minecraft:iron_axe":18,"born_in_chaos_v1:gnawed_bones":2,"friendsandfoes:totem_of_freezing":6,"tombstone:gift":11,"minecraft:cobbled_deepslate":19,"minecraft:crafting_table":4,"alexscaves:cave_book":2,"minecraft:blast_furnace":2,"minecraft:diamond_pickaxe":68,"minecraft:bread":24,"minecraft:cyan_carpet":6,"minecraft:iron_pickaxe":111,"minecraft:tnt_minecart":1,"tombstone:grave_key":4,"supplementaries:rope":2,"minecraft:cobblestone":2,"alexsmobs:animal_dictionary":1},"minecraft:custom":{"minecraft:mob_kills":44,"minecraft:interact_with_crafting_table":19,"minecraft:open_barrel":17,"minecraft:damage_dealt_resisted":94,"minecraft:leave_game":2,"minecraft:time_since_death":5255,"minecraft:climb_one_cm":762,"minecraft:sprint_one_cm":127900,"minecraft:walk_one_cm":166335,"minecraft:drop":16,"minecraft:play_time":106692,"minecraft:deaths":4,"minecraft:sneak_time":4751,"minecraft:walk_under_water_one_cm":3317,"minecraft:jump":691,"minecraft:interact_with_blast_furnace":4,"minecraft:walk_on_water_one_cm":893,"minecraft:total_world_time":106692,"minecraft:interact_with_loom":2,"minecraft:time_since_rest":4363,"minecraft:damage_taken":2572,"minecraft:trigger_trapped_chest":1,"minecraft:damage_dealt":8156,"minecraft:swim_one_cm":160,"minecraft:fly_one_cm":347705,"minecraft:open_chest":33,"minecraft:crouch_one_cm":6960,"tombstone:undead_killed":19,"tombstone:villager_killed":6,"minecraft:fall_one_cm":19669},"minecraft:mined":{"alexscaves:spelunkery_table":1,"luminousworld:groundpebbles_1":1,"luminousworld:yellowpetunias":1,"iceandfire:silver_ore":6,"minecraft:sculk_vein":32,"minecraft:granite":1,"minecraft:grass_block":4,"born_in_chaos_v1:black_argillite":4,"luminousworld:grassvariant_2":2,"born_in_chaos_v1:gnawed_bones":1,"minecraft:hay_block":3,"supplementaries:rope":2,"minecraft:sculk_catalyst":2,"minecraft:furnace":3,"minecraft:iron_ore":8,"minecraft:brown_bed":13,"minecraft:bell":1,"minecraft:bookshelf":1,"minecraft:pointed_dripstone":3,"minecraft:rail":2,"minecraft:lantern":2,"iceandfire:dread_stone_bricks_cracked":1,"minecraft:stone":15,"luminousworld:purple_petunias":1,"minecraft:dandelion":1,"minecraft:oak_fence":1,"minecraft:crafting_table":4,"minecraft:torch":12,"minecraft:blast_furnace":2,"minecraft:sculk_sensor":2,"minecraft:tall_grass":2,"minecraft:cobblestone":20,"minecraft:oak_planks":9,"minecraft:damaged_anvil":3,"minecraft:sculk":308,"minecraft:wall_torch":7,"supplementaries:urn":5,"minecraft:powered_rail":1,"minecraft:trapped_chest":1,"minecraft:light_blue_bed":8,"minecraft:birch_leaves":1,"minecraft:grass":5,"minecraft:oak_log":3,"minecraft:end_rod":3,"minecraft:cyan_carpet":6,"minecraft:dirt":8,"luminousworld:grassvariant_3":1,"minecraft:cobweb":23,"minecraft:cracked_stone_bricks":1,"minecraft:stone_bricks":3,"minecraft:mossy_stone_bricks":2,"minecraft:oak_leaves":2,"minecraft:deepslate":31},"minecraft:broken":{"minecraft:iron_hoe":1},"minecraft:killed":{"luminousworld:miner_zombie":1,"alexsmobs:hummingbird":1,"minecraft:cave_spider":7,"undead_revamp2:thehunter":1,"alexsmobs:raccoon":2,"minecraft:spider":1,"born_in_chaos_v1:maggot":1,"minecraft:skeleton":4,"minecraft:silverfish":1,"undead_revamp2:thepregnant":1,"undead_revamp2:sucker":2,"undead_revamp2:thespitter":1,"enemyexpansion:vampflyer":2,"earthmobsmod:bouldering_zombie":1,"cataclysm:the_watcher":1,"earthmobsmod:lobber_zombie":1,"undead_revamp2:theordure":1,"minecraft:zombie":2,"born_in_chaos_v1:dread_hound":1,"enemyexpansion:vampire":1,"minecraft:villager":6,"enemyexpansion:wasp":1,"enemyexpansion:slugger":1},"minecraft:picked_up":{"luminousworld:groundpebbles_1":2,"minecraft:crafting_table":4,"minecraft:brown_bed":1,"born_in_chaos_v1:black_argillite":1,"minecraft:string":26,"minecraft:cyan_carpet":6,"minecraft:tnt_minecart":1,"minecraft:cobbled_deepslate":34,"born_in_chaos_v1:gnawed_bones":2,"minecraft:iron_pickaxe":1,"supplementaries:rope":2,"minecraft:furnace":3,"minecraft:raw_iron":12,"minecraft:oak_fence":1,"minecraft:torch":106,"minecraft:pointed_dripstone":5,"tombstone:grave_dust":2,"minecraft:arrow":5,"minecraft:rotten_flesh":13,"minecraft:hay_block":3,"alexscaves:spelunkery_table":1,"minecraft:end_rod":3,"tombstone:essence_of_undeath":1,"supplementaries:ash":10,"minecraft:rail":4,"minecraft:cobblestone":20,"born_in_chaos_v1:corpse_maggot":1,"minecraft:oak_log":6,"supplementaries:flax_seeds":6,"minecraft:gunpowder":4,"minecraft:lantern":2,"born_in_chaos_v1:monster_skin":2,"minecraft:bone":8,"minecraft:stone_bricks":1,"minecraft:bow":2,"minecraft:bell":1,"minecraft:iron_ingot":3,"minecraft:powered_rail":1,"minecraft:iron_sword":1,"tombstone:scroll_of_frost_resistance":1,"minecraft:oak_planks":6,"friendsandfoes:totem_of_freezing":1,"minecraft:book":3,"minecraft:blast_furnace":2,"minecraft:trapped_chest":1,"minecraft:spider_eye":2,"minecraft:slime_ball":4,"luminousworld:yellowpetunias":1,"minecraft:iron_helmet":1,"minecraft:blue_ice":2,"minecraft:emerald":1,"minecraft:damaged_anvil":3,"iceandfire:raw_silver":6},"minecraft:dropped":{"luminousworld:yellowpetunias":1,"minecraft:cobblestone":9,"minecraft:rail":2,"minecraft:leather_helmet":1,"minecraft:stick":10,"born_in_chaos_v1:black_argillite":1,"born_in_chaos_v1:monster_skin":1,"minecraft:iron_pickaxe":2,"minecraft:trapped_chest":1,"minecraft:leather_chestplate":1,"born_in_chaos_v1:corpse_maggot":1,"minecraft:blue_ice":2,"minecraft:bow":2}},"DataVersion":3465}