{"stats":{"minecraft:crafted":{"minecraft:oak_planks":124,"minecraft:stone_shovel":3,"minecraft:crafting_table":1,"minecraft:stick":24,"minecraft:wooden_pickaxe":1,"minecraft:stone_pickaxe":1,"minecraft:stone_sword":1,"minecraft:stone_hoe":1,"minecraft:stone_axe":1,"minecraft:bread":54,"minecraft:wheat":162},"minecraft:dropped":{"minecraft:dandelion":1,"minecraft:pink_concrete_powder":2},"minecraft:picked_up":{"minecraft:stick":25,"minecraft:crafting_table":1,"minecraft:flower_pot":2,"minecraft:composter":1,"minecraft:dandelion":4,"minecraft:torch":4,"minecraft:sand":28,"minecraft:oak_log":166,"minecraft:pink_concrete_powder":2,"minecraft:mossy_cobblestone":2,"minecraft:apple":4,"minecraft:stone_axe":1,"minecraft:wheat_seeds":1,"minecraft:bucket":1,"minecraft:hay_block":16,"minecraft:stone_pickaxe":1,"minecraft:iron_ingot":8,"minecraft:poppy":2,"minecraft:oak_sapling":51,"minecraft:oak_planks":1,"minecraft:cobblestone":62},"minecraft:used":{"minecraft:oak_log":1,"minecraft:water_bucket":1,"minecraft:stone_sword":52,"minecraft:grass_block":3,"minecraft:stone_shovel":30,"minecraft:bread":6,"minecraft:stone_pickaxe":46,"minecraft:wooden_pickaxe":3,"minecraft:cauldron":1,"minecraft:stone_hoe":8,"minecraft:stone_axe":69,"minecraft:cobblestone":18,"minecraft:crafting_table":2,"minecraft:dandelion":2},"minecraft:killed_by":{"minecraft:iron_golem":1},"minecraft:killed":{"minecraft:iron_golem":2},"minecraft:custom":{"minecraft:time_since_rest":36473,"minecraft:sprint_one_cm":61450,"minecraft:damage_taken":491,"minecraft:walk_one_cm":36834,"minecraft:mob_kills":2,"minecraft:drop":3,"minecraft:damage_dealt":1970,"minecraft:interact_with_crafting_table":10,"minecraft:fly_one_cm":145942,"minecraft:talked_to_villager":1,"minecraft:fill_cauldron":1,"minecraft:crouch_one_cm":3687,"minecraft:play_time":61208,"minecraft:deaths":1,"minecraft:sneak_time":2451,"minecraft:jump":378,"minecraft:leave_game":7,"minecraft:time_since_death":36448,"minecraft:walk_on_water_one_cm":355,"minecraft:total_world_time":61208,"minecraft:fall_one_cm":14585},"minecraft:mined":{"minecraft:hay_block":16,"minecraft:mossy_cobblestone":1,"minecraft:dandelion":1,"minecraft:crafting_table":1,"minecraft:grass":5,"minecraft:potted_dandelion":1,"minecraft:oak_log":60,"minecraft:sand":28,"minecraft:tall_grass":5,"minecraft:cobblestone":47,"minecraft:composter":1,"minecraft:oak_leaves":24}},"DataVersion":3465}