{"stats":{"minecraft:custom":{"minecraft:mob_kills":6,"minecraft:interact_with_crafting_table":15,"minecraft:fill_cauldron":1,"minecraft:leave_game":23,"minecraft:time_since_death":61262,"minecraft:sleep_in_bed":1,"minecraft:time_since_rest":30988,"minecraft:sprint_one_cm":100359,"minecraft:damage_taken":1201,"minecraft:walk_one_cm":115144,"minecraft:drop":12,"minecraft:damage_dealt":2655,"minecraft:talked_to_villager":3,"minecraft:fly_one_cm":207562,"minecraft:open_chest":7,"minecraft:crouch_one_cm":7983,"minecraft:play_time":136241,"minecraft:deaths":2,"minecraft:sneak_time":3675,"minecraft:walk_under_water_one_cm":208,"minecraft:jump":553,"minecraft:walk_on_water_one_cm":1549,"minecraft:total_world_time":136241,"minecraft:fall_one_cm":20254},"minecraft:killed":{"minecraft:spider":1,"minecraft:iron_golem":2,"minecraft:zombie":2,"minecraft:chicken":1},"minecraft:used":{"minecraft:water_bucket":1,"minecraft:stone_sword":54,"minecraft:stone_shovel":625,"minecraft:stone_pickaxe":48,"minecraft:chest":4,"minecraft:wooden_pickaxe":3,"minecraft:composter":2,"minecraft:cauldron":1,"minecraft:stone_hoe":12,"minecraft:torch":3,"minecraft:crafting_table":5,"minecraft:white_bed":2,"minecraft:oak_log":2,"minecraft:bread":13,"minecraft:grass_block":7,"minecraft:stone_axe":141,"minecraft:cobblestone":18,"minecraft:dandelion":2},"minecraft:crafted":{"minecraft:oak_planks":124,"minecraft:stone_shovel":13,"minecraft:crafting_table":2,"minecraft:wooden_pickaxe":1,"minecraft:stone_axe":2,"minecraft:bread":54,"minecraft:stick":24,"minecraft:stone_pickaxe":1,"minecraft:stone_sword":1,"minecraft:chest":4,"minecraft:stone_hoe":1,"minecraft:wheat":162},"minecraft:killed_by":{"minecraft:skeleton":1,"minecraft:iron_golem":1},"minecraft:picked_up":{"minecraft:birch_log":2,"minecraft:crafting_table":2,"minecraft:feather":2,"minecraft:chicken":1,"minecraft:flower_pot":3,"minecraft:oak_log":441,"minecraft:pink_concrete_powder":2,"minecraft:dirt":5,"minecraft:apple":12,"minecraft:orange_tulip":1,"minecraft:wheat_seeds":1,"minecraft:bucket":2,"minecraft:stone_pickaxe":2,"minecraft:iron_ingot":16,"minecraft:poppy":4,"minecraft:stone_hoe":1,"minecraft:birch_sapling":1,"minecraft:oak_planks":111,"minecraft:stick":71,"minecraft:sandstone":2,"minecraft:composter":3,"minecraft:torch":9,"minecraft:dandelion":5,"minecraft:sand":481,"minecraft:white_bed":2,"minecraft:spider_eye":2,"minecraft:mossy_cobblestone":3,"minecraft:stone_sword":1,"minecraft:stone_shovel":3,"minecraft:stone_axe":3,"minecraft:hay_block":16,"minecraft:bread":59,"minecraft:oak_sapling":131,"minecraft:cobblestone":75},"minecraft:broken":{"minecraft:stone_axe":1,"minecraft:stone_shovel":4},"minecraft:dropped":{"minecraft:mossy_cobblestone":1,"minecraft:orange_tulip":1,"minecraft:oak_planks":5,"minecraft:grass_block":1,"minecraft:stick":1,"minecraft:poppy":2,"minecraft:spider_eye":1,"minecraft:sandstone":1,"minecraft:pink_concrete_powder":2,"minecraft:dandelion":2},"minecraft:mined":{"minecraft:white_bed":2,"minecraft:mossy_cobblestone":1,"minecraft:dandelion":1,"minecraft:crafting_table":2,"minecraft:torch":1,"minecraft:grass_block":5,"minecraft:tall_grass":5,"minecraft:cobblestone":47,"minecraft:composter":3,"minecraft:sandstone":2,"minecraft:wall_torch":1,"minecraft:hay_block":16,"minecraft:birch_log":2,"minecraft:orange_tulip":1,"minecraft:grass":7,"minecraft:potted_dandelion":1,"minecraft:oak_log":113,"minecraft:sand":615,"minecraft:oak_leaves":28}},"DataVersion":3465}