{"stats":{"minecraft:mined":{"minecraft:grass":3},"minecraft:custom":{"minecraft:jump":99,"minecraft:time_since_rest":4415,"minecraft:damage_dealt":194,"minecraft:damage_taken":245,"minecraft:walk_one_cm":5835,"minecraft:leave_game":5,"minecraft:sprint_one_cm":7225,"minecraft:play_time":14823,"minecraft:time_since_death":4384,"minecraft:walk_on_water_one_cm":117,"minecraft:deaths":4,"minecraft:sneak_time":262,"minecraft:total_world_time":15101,"minecraft:walk_under_water_one_cm":83,"minecraft:mob_kills":1,"minecraft:fall_one_cm":3588,"minecraft:fly_one_cm":127038},"minecraft:killed":{"minecraft:zombie":1},"minecraft:used":{"minecraft:netherrack":5,"minecraft:ender_eye":13,"minecraft:flint_and_steel":1,"minecraft:obsidian":16},"minecraft:picked_up":{"minecraft:rotten_flesh":1}},"DataVersion":3465}