{"stats":{"minecraft:mined":{"luminousworld:groundpebbles_1":1,"minecraft:grass_block":1,"luminousworld:yellowpetunias":1,"minecraft:lantern":2,"luminousworld:grassvariant_2":1,"minecraft:stone":4,"minecraft:birch_leaves":1,"minecraft:oak_leaves":2,"minecraft:bell":1,"minecraft:crafting_table":1,"minecraft:brown_bed":1},"minecraft:killed":{"alexsmobs:raccoon":2},"minecraft:crafted":{"minecraft:iron_sword":1},"minecraft:used":{"minecraft:bread":1,"minecraft:iron_pickaxe":16,"alexsmobs:animal_dictionary":1,"minecraft:iron_sword":2},"minecraft:custom":{"minecraft:time_since_rest":17168,"minecraft:open_chest":10,"minecraft:crouch_one_cm":268,"minecraft:play_time":17168,"minecraft:sprint_one_cm":36469,"minecraft:damage_taken":50,"minecraft:walk_one_cm":22639,"minecraft:sneak_time":185,"minecraft:mob_kills":2,"minecraft:jump":129,"minecraft:damage_dealt":180,"minecraft:time_since_death":17168,"minecraft:total_world_time":17168,"minecraft:interact_with_crafting_table":5,"minecraft:fall_one_cm":3315,"minecraft:fly_one_cm":21960},"minecraft:picked_up":{"minecraft:crafting_table":1,"luminousworld:groundpebbles_1":2,"luminousworld:yellowpetunias":1,"minecraft:bell":1,"minecraft:brown_bed":1,"minecraft:cobblestone":4,"minecraft:lantern":2}},"DataVersion":3465}