{"stats":{"minecraft:mined":{"minecraft:hay_block":16,"minecraft:mossy_cobblestone":1,"minecraft:dandelion":1,"minecraft:grass":3,"minecraft:potted_dandelion":1,"minecraft:oak_log":23,"minecraft:cobblestone":29,"minecraft:oak_leaves":16},"minecraft:picked_up":{"minecraft:stick":5,"minecraft:flower_pot":1,"minecraft:dandelion":3,"minecraft:torch":2,"minecraft:oak_log":31,"minecraft:pink_concrete_powder":2,"minecraft:mossy_cobblestone":1,"minecraft:apple":1,"minecraft:wheat_seeds":1,"minecraft:hay_block":16,"minecraft:oak_sapling":5,"minecraft:cobblestone":26},"minecraft:used":{"minecraft:water_bucket":1,"minecraft:stone_sword":16,"minecraft:bread":1,"minecraft:stone_pickaxe":28,"minecraft:wooden_pickaxe":3,"minecraft:cauldron":1,"minecraft:stone_axe":22,"minecraft:crafting_table":1,"minecraft:dandelion":1},"minecraft:custom":{"minecraft:time_since_rest":23953,"minecraft:sprint_one_cm":13550,"minecraft:damage_taken":60,"minecraft:walk_one_cm":16242,"minecraft:drop":3,"minecraft:interact_with_crafting_table":7,"minecraft:fly_one_cm":24875,"minecraft:fill_cauldron":1,"minecraft:crouch_one_cm":2351,"minecraft:play_time":23953,"minecraft:sneak_time":867,"minecraft:jump":103,"minecraft:leave_game":5,"minecraft:walk_on_water_one_cm":42,"minecraft:time_since_death":23953,"minecraft:total_world_time":23953,"minecraft:fall_one_cm":2169},"minecraft:dropped":{"minecraft:dandelion":1,"minecraft:pink_concrete_powder":2},"minecraft:crafted":{"minecraft:oak_planks":12,"minecraft:crafting_table":1,"minecraft:stick":8,"minecraft:wooden_pickaxe":1,"minecraft:stone_pickaxe":1,"minecraft:stone_sword":1,"minecraft:stone_axe":1,"minecraft:bread":54,"minecraft:wheat":162}},"DataVersion":3465}