{"stats":{"minecraft:killed":{"alexsmobs:raccoon":2,"undead_revamp2:sucker":1},"minecraft:mined":{"alexscaves:spelunkery_table":1,"luminousworld:groundpebbles_1":1,"minecraft:light_blue_bed":8,"luminousworld:yellowpetunias":1,"minecraft:furnace":3,"minecraft:iron_ore":4,"minecraft:birch_leaves":1,"minecraft:torch":1,"minecraft:crafting_table":1,"minecraft:grass":1,"minecraft:brown_bed":13,"minecraft:bell":1,"minecraft:bookshelf":1,"minecraft:blast_furnace":1,"minecraft:grass_block":1,"minecraft:lantern":2,"minecraft:end_rod":3,"minecraft:cyan_carpet":6,"luminousworld:grassvariant_2":2,"minecraft:stone":5,"minecraft:damaged_anvil":3,"minecraft:oak_leaves":2},"minecraft:crafted":{"minecraft:iron_axe":1,"minecraft:iron_sword":1},"minecraft:used":{"minecraft:bread":3,"minecraft:cyan_carpet":6,"minecraft:iron_pickaxe":60,"minecraft:iron_sword":6,"minecraft:torch":2,"alexsmobs:animal_dictionary":1},"minecraft:dropped":{"minecraft:leather_chestplate":1,"luminousworld:yellowpetunias":1,"minecraft:leather_helmet":1,"minecraft:stick":8},"minecraft:custom":{"minecraft:time_since_rest":27175,"minecraft:sprint_one_cm":47139,"minecraft:damage_taken":92,"minecraft:walk_one_cm":43095,"minecraft:mob_kills":3,"minecraft:drop":4,"minecraft:damage_dealt":370,"minecraft:interact_with_crafting_table":7,"minecraft:fly_one_cm":103027,"minecraft:open_barrel":3,"minecraft:open_chest":19,"minecraft:crouch_one_cm":918,"minecraft:interact_with_loom":2,"minecraft:play_time":27175,"tombstone:undead_killed":1,"minecraft:sneak_time":1101,"minecraft:jump":170,"minecraft:interact_with_blast_furnace":1,"minecraft:leave_game":1,"minecraft:time_since_death":27175,"minecraft:total_world_time":27175,"minecraft:fall_one_cm":4755},"minecraft:picked_up":{"minecraft:book":3,"luminousworld:groundpebbles_1":2,"minecraft:raw_iron":4,"minecraft:crafting_table":1,"minecraft:torch":1,"minecraft:brown_bed":1,"minecraft:blast_furnace":1,"minecraft:lantern":2,"minecraft:cyan_carpet":6,"luminousworld:yellowpetunias":1,"minecraft:bell":1,"alexscaves:spelunkery_table":1,"minecraft:end_rod":3,"minecraft:damaged_anvil":3,"minecraft:cobblestone":5,"minecraft:furnace":3}},"DataVersion":3465}