{"stats":{"minecraft:crafted":{"minecraft:iron_axe":1,"minecraft:iron_sword":1},"minecraft:used":{"minecraft:bread":3,"minecraft:iron_pickaxe":60,"minecraft:cyan_carpet":6,"minecraft:iron_sword":33,"minecraft:torch":2,"alexsmobs:animal_dictionary":1},"minecraft:custom":{"minecraft:time_since_rest":34692,"minecraft:sprint_one_cm":58407,"minecraft:damage_taken":92,"minecraft:walk_one_cm":49732,"minecraft:mob_kills":9,"minecraft:drop":4,"minecraft:damage_dealt":1430,"minecraft:interact_with_crafting_table":7,"minecraft:open_chest":21,"minecraft:fly_one_cm":162053,"minecraft:open_barrel":3,"minecraft:play_time":34692,"minecraft:crouch_one_cm":968,"minecraft:interact_with_loom":2,"tombstone:undead_killed":1,"minecraft:sneak_time":1289,"tombstone:villager_killed":6,"minecraft:jump":286,"minecraft:interact_with_blast_furnace":1,"minecraft:leave_game":2,"minecraft:time_since_death":34692,"minecraft:total_world_time":34692,"minecraft:fall_one_cm":8848},"minecraft:mined":{"alexscaves:spelunkery_table":1,"luminousworld:groundpebbles_1":1,"luminousworld:yellowpetunias":1,"minecraft:light_blue_bed":8,"minecraft:furnace":3,"minecraft:iron_ore":4,"minecraft:birch_leaves":1,"minecraft:dandelion":1,"minecraft:crafting_table":1,"minecraft:brown_bed":13,"minecraft:torch":1,"minecraft:bell":1,"minecraft:grass":4,"minecraft:blast_furnace":1,"minecraft:bookshelf":1,"minecraft:grass_block":1,"minecraft:lantern":2,"minecraft:end_rod":3,"minecraft:cyan_carpet":6,"luminousworld:grassvariant_3":1,"luminousworld:grassvariant_2":2,"minecraft:tall_grass":2,"minecraft:stone":5,"minecraft:damaged_anvil":3,"minecraft:oak_leaves":2},"minecraft:killed":{"alexsmobs:raccoon":2,"undead_revamp2:sucker":1,"minecraft:villager":6},"minecraft:picked_up":{"minecraft:book":3,"luminousworld:groundpebbles_1":2,"minecraft:raw_iron":4,"minecraft:crafting_table":1,"minecraft:torch":1,"minecraft:brown_bed":1,"minecraft:blast_furnace":1,"minecraft:lantern":2,"minecraft:cyan_carpet":6,"luminousworld:yellowpetunias":1,"minecraft:bell":1,"alexscaves:spelunkery_table":1,"minecraft:end_rod":3,"minecraft:damaged_anvil":3,"minecraft:cobblestone":5,"minecraft:furnace":3},"minecraft:dropped":{"minecraft:leather_chestplate":1,"luminousworld:yellowpetunias":1,"minecraft:leather_helmet":1,"minecraft:stick":8}},"DataVersion":3465}