{"stats":{"minecraft:killed_by":{"undead_revamp2:thespitter":1,"iceandfire:ghost":1,"enemyexpansion:invisicreeper":1},"minecraft:crafted":{"minecraft:oak_planks":24,"born_in_chaos_v1:bone_handle":1,"minecraft:iron_axe":1,"tombstone:grave_key":5,"minecraft:iron_hoe":3,"minecraft:wheat":27,"minecraft:iron_sword":1,"sophisticatedbackpacks:upgrade_base":1,"minecraft:bread":9,"minecraft:air":0,"minecraft:shield":1,"minecraft:stick":8,"minecraft:iron_ingot":4},"minecraft:custom":{"minecraft:mob_kills":89,"minecraft:interact_with_crafting_table":21,"minecraft:open_barrel":58,"minecraft:damage_dealt_resisted":136,"minecraft:leave_game":3,"minecraft:time_since_death":28625,"minecraft:climb_one_cm":4084,"minecraft:sprint_one_cm":238765,"minecraft:walk_one_cm":292629,"minecraft:damage_blocked_by_shield":205,"minecraft:drop":33,"minecraft:play_time":199106,"minecraft:sneak_time":11019,"minecraft:deaths":5,"minecraft:walk_under_water_one_cm":7206,"minecraft:jump":1153,"minecraft:interact_with_blast_furnace":7,"minecraft:walk_on_water_one_cm":6052,"minecraft:total_world_time":199106,"minecraft:interact_with_cartography_table":1,"minecraft:interact_with_loom":2,"minecraft:time_since_rest":28084,"minecraft:damage_taken":4310,"minecraft:trigger_trapped_chest":6,"minecraft:damage_dealt":18231,"minecraft:swim_one_cm":900,"minecraft:fly_one_cm":1081175,"minecraft:open_chest":53,"minecraft:crouch_one_cm":14228,"tombstone:undead_killed":40,"tombstone:villager_killed":6,"minecraft:interact_with_smoker":1,"minecraft:fall_one_cm":34804},"minecraft:used":{"minecraft:iron_shovel":19,"minecraft:shield":9,"minecraft:iron_sword":448,"minecraft:rotten_flesh":10,"minecraft:torch":180,"minecraft:dirt":11,"minecraft:iron_hoe":736,"minecraft:grass_block":2,"minecraft:iron_axe":36,"born_in_chaos_v1:gnawed_bones":2,"minecraft:barrel":2,"friendsandfoes:totem_of_freezing":8,"tombstone:gift":11,"minecraft:cobbled_deepslate":20,"minecraft:deepslate_bricks":3,"minecraft:crafting_table":4,"minecraft:blast_furnace":2,"alexscaves:cave_book":2,"minecraft:diamond_pickaxe":155,"minecraft:tnt_minecart":1,"minecraft:cyan_carpet":6,"minecraft:bread":51,"minecraft:iron_pickaxe":111,"supplementaries:rope":2,"tombstone:grave_key":5,"minecraft:cobblestone":3,"alexsmobs:animal_dictionary":1},"minecraft:mined":{"minecraft:diamond_ore":2,"alexscaves:spelunkery_table":2,"luminousworld:groundpebbles_1":1,"iceandfire:graveyard_soil":13,"luminousworld:yellowpetunias":1,"iceandfire:silver_ore":7,"minecraft:sculk_vein":52,"minecraft:granite":5,"quark:glow_shroom_stem":3,"born_in_chaos_v1:dark_metal_deposit":3,"minecraft:grass_block":6,"born_in_chaos_v1:black_argillite":8,"iceandfire:deepslate_silver_ore":3,"luminousworld:grassvariant_2":5,"minecraft:deepslate_bricks":3,"luminousworld:clovers_2":1,"minecraft:spruce_leaves":5,"born_in_chaos_v1:gnawed_bones":1,"born_in_chaos_v1:black_argillite_column":7,"minecraft:hay_block":3,"supplementaries:rope":2,"minecraft:sculk_catalyst":2,"minecraft:furnace":3,"born_in_chaos_v1:black_argillite_brick_slab":3,"minecraft:iron_ore":8,"minecraft:barrel":2,"born_in_chaos_v1:black_argillite_brick_stairs":1,"minecraft:anvil":1,"minecraft:deepslate_lapis_ore":4,"minecraft:gold_block":1,"minecraft:brown_bed":13,"minecraft:bell":1,"minecraft:bookshelf":1,"minecraft:pointed_dripstone":3,"minecraft:deepslate_iron_ore":3,"minecraft:vine":2,"minecraft:rail":2,"minecraft:iron_bars":4,"minecraft:lantern":2,"iceandfire:dread_stone_bricks_cracked":1,"minecraft:stone":15,"minecraft:smithing_table":1,"minecraft:red_bed":1,"luminousworld:purple_petunias":1,"born_in_chaos_v1:carved_black_argillite":4,"minecraft:dandelion":1,"born_in_chaos_v1:infected_deepslate_diamond_ore":4,"minecraft:oak_fence":1,"minecraft:crafting_table":5,"minecraft:torch":20,"minecraft:blast_furnace":4,"iceandfire:ghost_chest":1,"born_in_chaos_v1:black_argillite_column_slab":4,"minecraft:sculk_sensor":8,"minecraft:tall_grass":2,"quark:glow_shroom_block":9,"minecraft:cobblestone":21,"born_in_chaos_v1:chipped_black_argillite_brick":3,"minecraft:damaged_anvil":3,"minecraft:oak_planks":9,"minecraft:iron_door":1,"minecraft:sculk":680,"minecraft:wall_torch":9,"minecraft:skeleton_skull":2,"supplementaries:urn":11,"minecraft:trapped_chest":1,"minecraft:powered_rail":1,"minecraft:light_blue_bed":8,"born_in_chaos_v1:black_argillite_brick":6,"born_in_chaos_v1:fired_black_argillite":1,"minecraft:birch_leaves":1,"born_in_chaos_v1:river_mint":1,"minecraft:tnt":3,"minecraft:wither_rose":2,"minecraft:grass":10,"minecraft:oak_log":3,"luminousworld:ishstone":1,"minecraft:end_rod":3,"minecraft:cyan_carpet":6,"minecraft:gravel":6,"minecraft:dirt":18,"luminousworld:grassvariant_3":2,"minecraft:cobweb":24,"minecraft:cracked_stone_bricks":1,"quark:glow_shroom_ring":1,"minecraft:stone_bricks":3,"born_in_chaos_v1:black_argillite_wall":5,"minecraft:mossy_stone_bricks":2,"minecraft:oak_leaves":2,"minecraft:deepslate":33},"minecraft:broken":{"minecraft:iron_sword":1,"minecraft:iron_hoe":2},"minecraft:killed":{"luminousworld:deer":1,"luminousworld:miner_zombie":1,"alexsmobs:hummingbird":1,"minecraft:cave_spider":7,"undead_revamp2:thehunter":1,"born_in_chaos_v1:zombie_lumberjack":1,"born_in_chaos_v1:door_knight_not_despawn":1,"alexsmobs:raccoon":2,"minecraft:spider":2,"undead_revamp2:bomber":1,"undead_revamp2:theswarmer":1,"born_in_chaos_v1:maggot":5,"minecraft:skeleton":4,"minecraft:bee":1,"luminousworld:dark_oak_skeleton":1,"minecraft:silverfish":1,"undead_revamp2:therod":2,"undead_revamp2:thepregnant":1,"undead_revamp2:sucker":2,"undead_revamp2:thespitter":1,"enemyexpansion:vampflyer":2,"earthmobsmod:bouldering_zombie":3,"minecraft:zombie_villager":5,"born_in_chaos_v1:diamond_termite":9,"cataclysm:the_watcher":1,"earthmobsmod:lobber_zombie":1,"enemyexpansion:sprinter":1,"earthmobsmod:cream_cow":2,"born_in_chaos_v1:decrepit_skeleton":2,"undead_revamp2:theordure":1,"minecraft:zombie":3,"iceandfire:ghost":3,"born_in_chaos_v1:dread_hound":1,"enemyexpansion:vampire":1,"born_in_chaos_v1:corpse_fly":1,"born_in_chaos_v1:dark_vortex":1,"alexsmobs:fly":1,"minecraft:villager":6,"enemyexpansion:wasp":1,"enemyexpansion:slugger":1},"minecraft:picked_up":{"luminousworld:groundpebbles_1":2,"minecraft:charcoal":4,"minecraft:crafting_table":6,"born_in_chaos_v1:diamond_termite_shard":8,"minecraft:chainmail_boots":1,"born_in_chaos_v1:river_mint":1,"minecraft:anvil":1,"minecraft:chest_minecart":3,"minecraft:smithing_table":1,"minecraft:brown_bed":1,"minecraft:gold_block":1,"minecraft:wither_rose":2,"born_in_chaos_v1:black_argillite_wall":5,"minecraft:chain":2,"born_in_chaos_v1:fired_black_argillite":1,"born_in_chaos_v1:black_argillite":5,"born_in_chaos_v1:black_argillite_column":7,"iceandfire:manuscript":3,"minecraft:string":34,"minecraft:red_bed":1,"minecraft:raw_copper":10,"born_in_chaos_v1:black_argillite_brick":6,"minecraft:cyan_carpet":6,"iceandfire:graveyard_soil":14,"minecraft:candle":2,"minecraft:tnt_minecart":1,"minecraft:gold_nugget":25,"minecraft:cobbled_deepslate":53,"minecraft:beef":5,"born_in_chaos_v1:gnawed_bones":2,"minecraft:iron_pickaxe":2,"minecraft:melon_slice":7,"supplementaries:rope":2,"minecraft:furnace":3,"minecraft:stick":12,"minecraft:raw_iron":23,"iceandfire:ghost_chest":1,"born_in_chaos_v1:shattered_skull":2,"quark:glow_shroom_ring":4,"sophisticatedbackpacks:stack_upgrade_starter_tier":1,"born_in_chaos_v1:carved_black_argillite":3,"minecraft:copper_ingot":6,"minecraft:oak_fence":1,"minecraft:torch":127,"minecraft:acacia_log":2,"minecraft:cherry_log":2,"minecraft:pointed_dripstone":5,"tombstone:grave_dust":9,"born_in_chaos_v1:pieceofdarkmetal":4,"born_in_chaos_v1:black_argillite_brick_stairs":1,"minecraft:golden_chestplate":2,"minecraft:tnt":5,"minecraft:arrow":5,"minecraft:rotten_flesh":51,"minecraft:beetroot_seeds":4,"minecraft:deepslate_bricks":3,"minecraft:hay_block":3,"alexscaves:spelunkery_table":2,"minecraft:iron_block":4,"tombstone:essence_of_undeath":1,"minecraft:end_rod":3,"minecraft:gold_ingot":6,"supplementaries:ash":14,"minecraft:glow_berries":4,"minecraft:iron_bars":4,"minecraft:skeleton_skull":2,"minecraft:rail":34,"minecraft:cobblestone":26,"born_in_chaos_v1:corpse_maggot":4,"born_in_chaos_v1:black_argillite_column_slab":4,"minecraft:iron_door":1,"luminousworld:ishstone":1,"minecraft:leather":2,"minecraft:potato":11,"minecraft:flint":5,"minecraft:oak_log":6,"born_in_chaos_v1:black_argillite_button":4,"luminousworld:raw_venison":3,"supplementaries:flax_seeds":11,"iceandfire:ectoplasm":4,"minecraft:gunpowder":11,"minecraft:lapis_lazuli":33,"minecraft:dirt":28,"minecraft:paper":3,"minecraft:lantern":2,"minecraft:name_tag":2,"born_in_chaos_v1:monster_skin":2,"minecraft:bone":14,"minecraft:stone_bricks":1,"minecraft:bow":2,"minecraft:wheat_seeds":3,"born_in_chaos_v1:chipped_black_argillite_brick":3,"minecraft:raw_gold":4,"minecraft:bell":1,"minecraft:iron_ingot":21,"quark:glow_shroom":1,"minecraft:cobweb":7,"minecraft:powered_rail":1,"minecraft:iron_sword":1,"tombstone:scroll_of_frost_resistance":1,"minecraft:oak_planks":9,"friendsandfoes:totem_of_freezing":1,"minecraft:book":3,"luminousworld:clovers_1":1,"born_in_chaos_v1:black_argillitepressureplate":5,"born_in_chaos_v1:ethereal_spirit":1,"earthmobsmod:harder_flesh":2,"minecraft:gravel":6,"minecraft:sand":31,"born_in_chaos_v1:dark_rod":1,"minecraft:blast_furnace":5,"minecraft:trapped_chest":3,"minecraft:spider_eye":3,"minecraft:barrel":6,"born_in_chaos_v1:black_argillite_brick_slab":6,"minecraft:slime_ball":4,"born_in_chaos_v1:fire_dust":1,"minecraft:diamond":2,"luminousworld:yellowpetunias":1,"minecraft:iron_helmet":1,"minecraft:granite":2,"minecraft:blue_ice":2,"minecraft:diamond_axe":1,"minecraft:bone_meal":1,"minecraft:emerald":1,"tombstone:magic_scroll":1,"minecraft:damaged_anvil":3,"minecraft:coal":14,"iceandfire:raw_silver":10},"minecraft:dropped":{"minecraft:candle":1,"luminousworld:yellowpetunias":1,"minecraft:tnt":1,"minecraft:cobblestone":9,"minecraft:chest_minecart":3,"minecraft:rail":32,"minecraft:leather_helmet":1,"minecraft:stick":14,"born_in_chaos_v1:black_argillite":1,"born_in_chaos_v1:river_mint":1,"born_in_chaos_v1:monster_skin":1,"minecraft:iron_pickaxe":2,"minecraft:trapped_chest":2,"luminousworld:clovers_1":1,"minecraft:raw_copper":5,"minecraft:name_tag":2,"minecraft:leather_chestplate":1,"minecraft:beetroot_seeds":4,"born_in_chaos_v1:corpse_maggot":1,"minecraft:blue_ice":2,"minecraft:bow":2}},"DataVersion":3465}