{"stats":{"minecraft:mined":{"minecraft:hay_block":2,"minecraft:grass":4},"minecraft:custom":{"minecraft:time_since_rest":3547,"minecraft:crouch_one_cm":62,"minecraft:deaths":5,"minecraft:play_time":25776,"minecraft:sprint_one_cm":7483,"minecraft:walk_one_cm":9639,"minecraft:damage_taken":445,"minecraft:sneak_time":271,"minecraft:walk_under_water_one_cm":83,"minecraft:mob_kills":2,"minecraft:drop":1,"minecraft:jump":119,"minecraft:damage_dealt":292,"minecraft:leave_game":7,"minecraft:walk_on_water_one_cm":117,"minecraft:time_since_death":3527,"minecraft:total_world_time":26054,"minecraft:fall_one_cm":3797,"minecraft:fly_one_cm":128959},"minecraft:killed_by":{"minecraft:zombie":1},"minecraft:killed":{"minecraft:zombie":1},"minecraft:used":{"minecraft:netherrack":5,"minecraft:ender_eye":13,"minecraft:flint_and_steel":1,"minecraft:obsidian":16},"minecraft:dropped":{"minecraft:wheat_seeds":1},"minecraft:picked_up":{"minecraft:rotten_flesh":1,"minecraft:wheat_seeds":2,"minecraft:hay_block":2}},"DataVersion":3465}