{"stats":{"minecraft:custom":{"minecraft:jump":12,"minecraft:time_since_rest":1645,"minecraft:walk_one_cm":1817,"minecraft:leave_game":4,"minecraft:sprint_one_cm":34,"minecraft:play_time":4543,"minecraft:time_since_death":1623,"minecraft:walk_on_water_one_cm":117,"minecraft:deaths":1,"minecraft:sneak_time":240,"minecraft:total_world_time":4821,"minecraft:walk_under_water_one_cm":83,"minecraft:fall_one_cm":293,"minecraft:fly_one_cm":63475},"minecraft:used":{"minecraft:netherrack":5,"minecraft:ender_eye":13,"minecraft:flint_and_steel":1,"minecraft:obsidian":16}},"DataVersion":3465}