{"stats":{"minecraft:custom":{"minecraft:interact_with_crafting_table":44,"minecraft:open_barrel":58,"minecraft:leave_game":4,"minecraft:time_since_death":53150,"minecraft:sprint_one_cm":265624,"minecraft:damage_blocked_by_shield":360,"minecraft:drop":36,"minecraft:play_time":356629,"minecraft:deaths":7,"minecraft:jump":1516,"minecraft:walk_on_water_one_cm":6303,"minecraft:interact_with_cartography_table":1,"minecraft:interact_with_loom":2,"minecraft:sleep_in_bed":5,"minecraft:damage_dealt":20860,"minecraft:crouch_one_cm":27801,"tombstone:undead_killed":47,"tombstone:villager_killed":6,"minecraft:interact_with_smoker":1,"minecraft:mob_kills":97,"minecraft:damage_dealt_resisted":136,"minecraft:climb_one_cm":4084,"minecraft:walk_one_cm":386027,"minecraft:sneak_time":16084,"minecraft:walk_under_water_one_cm":7206,"minecraft:interact_with_blast_furnace":18,"minecraft:total_world_time":356629,"minecraft:time_since_rest":16162,"minecraft:damage_taken":5055,"minecraft:trigger_trapped_chest":6,"minecraft:swim_one_cm":900,"minecraft:fly_one_cm":1203989,"minecraft:open_chest":104,"minecraft:fall_one_cm":43543},"minecraft:used":{"minecraft:iron_shovel":19,"minecraft:shield":15,"minecraft:iron_sword":492,"minecraft:rotten_flesh":10,"minecraft:lava_bucket":1,"minecraft:grass_block":2,"born_in_chaos_v1:gnawed_bones":2,"friendsandfoes:totem_of_freezing":8,"born_in_chaos_v1:black_argillite_brick":91,"born_in_chaos_v1:fired_black_argillite":27,"minecraft:written_book":1,"born_in_chaos_v1:black_argillite_wall":14,"ironchest:dirt_chest":1,"minecraft:oak_planks":47,"minecraft:diamond_axe":44,"alexscaves:cave_book":2,"minecraft:blast_furnace":5,"minecraft:shears":2,"minecraft:lever":1,"minecraft:bread":54,"minecraft:string":5,"minecraft:cyan_carpet":6,"tombstone:grave_key":5,"minecraft:oak_trapdoor":2,"born_in_chaos_v1:black_argillite":9,"minecraft:torch":180,"minecraft:dirt":14,"minecraft:iron_hoe":736,"born_in_chaos_v1:chipped_black_argillite_brick":85,"born_in_chaos_v1:black_argillite_column_slab":16,"minecraft:iron_axe":36,"minecraft:barrel":2,"minecraft:tripwire_hook":2,"ironchest:gold_chest":8,"tombstone:gift":12,"born_in_chaos_v1:black_argillite_brick_slab":301,"minecraft:cobbled_deepslate":20,"minecraft:water_bucket":2,"born_in_chaos_v1:carved_black_argillite":15,"minecraft:deepslate_bricks":3,"born_in_chaos_v1:black_argillite_brick_stairs":16,"minecraft:crafting_table":6,"minecraft:red_bed":1,"minecraft:diamond_pickaxe":355,"born_in_chaos_v1:black_argillite_column":31,"minecraft:iron_pickaxe":111,"minecraft:tnt_minecart":1,"supplementaries:rope":2,"minecraft:cobblestone":3,"minecraft:bucket":2,"alexsmobs:animal_dictionary":1},"minecraft:broken":{"minecraft:iron_sword":1,"minecraft:iron_hoe":2},"minecraft:crafted":{"minecraft:oak_planks":176,"hangglider:hang_glider":1,"born_in_chaos_v1:black_argillite_brick":8,"tombstone:grave_key":5,"minecraft:diamond_axe":1,"sophisticatedbackpacks:upgrade_base":1,"minecraft:shield":1,"quark:oak_chest":5,"minecraft:stick":8,"minecraft:iron_ingot":6,"minecraft:gold_ingot":26,"minecraft:shears":1,"hangglider:glider_framework":1,"ironchest:dirt_chest":1,"hangglider:glider_wing":2,"born_in_chaos_v1:bone_handle":1,"minecraft:iron_axe":1,"minecraft:iron_hoe":3,"minecraft:wheat":27,"ironchest:gold_chest":4,"minecraft:iron_sword":1,"minecraft:bucket":1,"minecraft:bread":9,"minecraft:air":0,"ironchest:iron_chest":4},"minecraft:killed_by":{"minecraft:zombie":1,"enemyexpansion:invisicreeper":1,"undead_revamp2:thespitter":1,"mutantmonsters:mutant_skeleton":1,"iceandfire:ghost":1},"minecraft:picked_up":{"minecraft:chainmail_boots":1,"minecraft:anvil":1,"minecraft:smithing_table":1,"minecraft:brown_bed":1,"minecraft:wither_rose":2,"born_in_chaos_v1:black_argillite_wall":9,"born_in_chaos_v1:black_argillite":14,"iceandfire:manuscript":3,"mutantmonsters:mutant_skeleton_skull":1,"minecraft:string":39,"minecraft:raw_copper":10,"minecraft:tnt_minecart":1,"minecraft:gold_nugget":25,"minecraft:cobbled_deepslate":53,"minecraft:iron_pickaxe":2,"minecraft:melon_slice":7,"minecraft:furnace":3,"minecraft:stick":12,"iceandfire:ghost_chest":1,"born_in_chaos_v1:shattered_skull":2,"quark:glow_shroom_ring":4,"sophisticatedbackpacks:stack_upgrade_starter_tier":1,"minecraft:oak_fence":1,"minecraft:torch":127,"minecraft:acacia_log":2,"minecraft:pointed_dripstone":5,"minecraft:cherry_log":2,"ironchest:gold_chest":4,"tombstone:grave_dust":10,"born_in_chaos_v1:black_argillite_brick_stairs":24,"minecraft:golden_chestplate":2,"mutantmonsters:mutant_skeleton_pelvis":1,"luminousworld:grassflowers":4,"minecraft:rotten_flesh":63,"minecraft:iron_block":4,"minecraft:end_rod":3,"supplementaries:ash":15,"mutantmonsters:mutant_skeleton_shoulder_pad":2,"minecraft:iron_bars":4,"minecraft:cobblestone":26,"minecraft:iron_door":1,"minecraft:potato":11,"minecraft:flint":5,"luminousworld:raw_venison":3,"supplementaries:flax_seeds":11,"born_in_chaos_v1:black_argillite_button":10,"minecraft:lapis_lazuli":33,"minecraft:dirt":52,"minecraft:lantern":2,"minecraft:name_tag":2,"born_in_chaos_v1:monster_skin":2,"minecraft:bone":14,"minecraft:bow":2,"minecraft:wheat_seeds":6,"minecraft:raw_gold":4,"minecraft:bell":1,"minecraft:powered_rail":1,"minecraft:oak_planks":9,"friendsandfoes:totem_of_freezing":1,"earthmobsmod:harder_flesh":2,"minecraft:sand":31,"minecraft:trapped_chest":3,"minecraft:barrel":6,"born_in_chaos_v1:fire_dust":1,"minecraft:diamond":2,"luminousworld:yellowpetunias":1,"minecraft:blue_ice":2,"minecraft:granite":2,"minecraft:bone_meal":1,"minecraft:emerald":1,"iceandfire:raw_silver":10,"minecraft:diamond_pickaxe":1,"luminousworld:groundpebbles_1":4,"minecraft:charcoal":4,"born_in_chaos_v1:diamond_termite_shard":8,"minecraft:crafting_table":6,"born_in_chaos_v1:river_mint":2,"minecraft:chest_minecart":3,"minecraft:gold_block":1,"minecraft:chain":3,"born_in_chaos_v1:fired_black_argillite":18,"born_in_chaos_v1:black_argillite_column":17,"minecraft:red_bed":1,"born_in_chaos_v1:black_argillite_brick":24,"minecraft:cyan_carpet":6,"iceandfire:graveyard_soil":14,"minecraft:candle":2,"minecraft:beef":5,"born_in_chaos_v1:gnawed_bones":2,"supplementaries:rope":2,"ironchest:dirt_chest":1,"minecraft:raw_iron":23,"luminousworld:blue_petunias":2,"minecraft:copper_ingot":6,"born_in_chaos_v1:carved_black_argillite":9,"born_in_chaos_v1:pieceofdarkmetal":4,"minecraft:tnt":5,"minecraft:arrow":5,"minecraft:beetroot_seeds":4,"minecraft:deepslate_bricks":3,"minecraft:hay_block":3,"alexscaves:spelunkery_table":2,"mutantmonsters:mutant_skeleton_rib":6,"tombstone:essence_of_undeath":1,"minecraft:gold_ingot":6,"minecraft:glow_berries":4,"minecraft:skeleton_skull":2,"minecraft:rail":34,"born_in_chaos_v1:corpse_maggot":4,"born_in_chaos_v1:black_argillite_column_slab":32,"luminousworld:ishstone":1,"minecraft:leather":2,"minecraft:oak_log":44,"iceandfire:ectoplasm":4,"minecraft:gunpowder":11,"mutantmonsters:mutant_skeleton_limb":7,"minecraft:paper":3,"minecraft:stone_bricks":1,"minecraft:cobweb":7,"minecraft:iron_ingot":21,"quark:glow_shroom":1,"born_in_chaos_v1:chipped_black_argillite_brick":5,"tombstone:scroll_of_frost_resistance":1,"minecraft:iron_sword":1,"minecraft:book":3,"luminousworld:clovers_1":1,"born_in_chaos_v1:black_argillitepressureplate":14,"born_in_chaos_v1:ethereal_spirit":1,"minecraft:gravel":6,"born_in_chaos_v1:dark_rod":1,"minecraft:blast_furnace":5,"minecraft:spider_eye":3,"minecraft:slime_ball":4,"born_in_chaos_v1:black_argillite_brick_slab":86,"minecraft:iron_helmet":1,"minecraft:diamond_axe":1,"tombstone:magic_scroll":1,"minecraft:damaged_anvil":3,"minecraft:coal":14},"minecraft:mined":{"iceandfire:graveyard_soil":13,"luminousworld:yellowpetunias":1,"minecraft:sculk_vein":52,"quark:glow_shroom_stem":3,"minecraft:granite":5,"born_in_chaos_v1:dark_metal_deposit":3,"minecraft:grass_block":16,"minecraft:deepslate_bricks":3,"minecraft:sculk_catalyst":2,"minecraft:iron_ore":8,"born_in_chaos_v1:black_argillite_brick_slab":68,"minecraft:barrel":2,"born_in_chaos_v1:black_argillite_brick_stairs":24,"ironchest:gold_chest":4,"minecraft:deepslate_lapis_ore":4,"minecraft:anvil":1,"minecraft:brown_bed":13,"minecraft:pointed_dripstone":3,"minecraft:iron_bars":4,"iceandfire:dread_stone_bricks_cracked":1,"minecraft:tripwire":2,"minecraft:red_bed":1,"luminousworld:purple_petunias":1,"born_in_chaos_v1:carved_black_argillite":10,"born_in_chaos_v1:infected_deepslate_diamond_ore":4,"minecraft:torch":20,"minecraft:blast_furnace":4,"iceandfire:ghost_chest":1,"born_in_chaos_v1:black_argillite_column_slab":28,"minecraft:cobblestone":21,"minecraft:oak_planks":9,"minecraft:damaged_anvil":3,"minecraft:iron_door":1,"minecraft:wall_torch":9,"ironchest:dirt_chest":1,"minecraft:skeleton_skull":2,"minecraft:chain":1,"minecraft:powered_rail":1,"born_in_chaos_v1:fired_black_argillite":18,"born_in_chaos_v1:river_mint":2,"minecraft:tnt":3,"born_in_chaos_v1:black_argillite_brick":25,"minecraft:wither_rose":2,"minecraft:grass":35,"minecraft:oak_log":41,"minecraft:dirt":18,"luminousworld:grassvariant_3":6,"quark:glow_shroom_ring":1,"born_in_chaos_v1:black_argillite_wall":9,"minecraft:oak_leaves":5,"minecraft:deepslate":33,"luminousworld:groundpebbles_1":3,"alexscaves:spelunkery_table":2,"minecraft:diamond_ore":2,"iceandfire:silver_ore":7,"luminousworld:grassvariant_4":1,"luminousworld:blue_petunias":2,"born_in_chaos_v1:black_argillite":17,"iceandfire:deepslate_silver_ore":3,"luminousworld:grassvariant_2":10,"luminousworld:clovers_2":1,"minecraft:spruce_leaves":5,"born_in_chaos_v1:gnawed_bones":1,"minecraft:hay_block":3,"born_in_chaos_v1:black_argillite_column":17,"supplementaries:rope":2,"minecraft:furnace":3,"minecraft:gold_block":1,"minecraft:bell":1,"minecraft:bookshelf":1,"minecraft:deepslate_iron_ore":3,"minecraft:vine":2,"minecraft:rail":2,"minecraft:lantern":2,"minecraft:stone":15,"minecraft:smithing_table":1,"minecraft:dandelion":1,"minecraft:oak_fence":1,"minecraft:crafting_table":5,"minecraft:sculk_sensor":8,"luminousworld:grassflowers":4,"quark:glow_shroom_block":9,"minecraft:tall_grass":2,"born_in_chaos_v1:chipped_black_argillite_brick":5,"minecraft:sculk":680,"supplementaries:urn":11,"minecraft:trapped_chest":1,"minecraft:light_blue_bed":8,"minecraft:birch_leaves":1,"born_in_chaos_v1:black_argillitepressureplate":3,"luminousworld:ishstone":1,"minecraft:end_rod":3,"minecraft:gravel":6,"minecraft:cyan_carpet":6,"minecraft:cobweb":24,"minecraft:cracked_stone_bricks":1,"minecraft:stone_bricks":3,"minecraft:mossy_stone_bricks":2},"minecraft:dropped":{"minecraft:candle":1,"luminousworld:yellowpetunias":1,"minecraft:chest_minecart":3,"minecraft:rail":32,"minecraft:leather_helmet":1,"born_in_chaos_v1:monster_skin":1,"minecraft:iron_pickaxe":2,"luminousworld:clovers_1":1,"minecraft:leather_chestplate":1,"minecraft:beetroot_seeds":4,"born_in_chaos_v1:corpse_maggot":1,"minecraft:written_book":1,"minecraft:wheat_seeds":2,"minecraft:tnt":1,"minecraft:cobblestone":9,"minecraft:stick":14,"born_in_chaos_v1:black_argillite":1,"born_in_chaos_v1:river_mint":1,"minecraft:trapped_chest":2,"minecraft:raw_copper":5,"minecraft:name_tag":2,"minecraft:diamond_pickaxe":1,"minecraft:blue_ice":2,"minecraft:bow":2},"minecraft:killed":{"luminousworld:miner_zombie":1,"alexsmobs:hummingbird":1,"minecraft:cave_spider":7,"born_in_chaos_v1:zombie_lumberjack":1,"born_in_chaos_v1:door_knight_not_despawn":1,"minecraft:spider":2,"undead_revamp2:theswarmer":1,"minecraft:skeleton":4,"minecraft:bee":1,"luminousworld:dark_oak_skeleton":1,"minecraft:silverfish":1,"undead_revamp2:therod":2,"undead_revamp2:thepregnant":1,"undead_revamp2:thespitter":1,"enemyexpansion:vampflyer":2,"born_in_chaos_v1:diamond_termite":9,"minecraft:zombie_villager":5,"earthmobsmod:lobber_zombie":1,"mutantmonsters:mutant_skeleton":1,"undead_revamp2:theordure":1,"minecraft:zombie":5,"born_in_chaos_v1:dread_hound":1,"enemyexpansion:vampire":1,"born_in_chaos_v1:corpse_fly":1,"alexsmobs:fly":1,"enemyexpansion:wasp":1,"luminousworld:deer":1,"undead_revamp2:thehunter":1,"alexsmobs:raccoon":2,"undead_revamp2:bomber":1,"born_in_chaos_v1:maggot":5,"undead_revamp2:sucker":2,"earthmobsmod:bouldering_zombie":3,"cataclysm:the_watcher":1,"undead_revamp2:the_moonflower":4,"enemyexpansion:sprinter":1,"earthmobsmod:cream_cow":2,"born_in_chaos_v1:decrepit_skeleton":2,"iceandfire:ghost":3,"born_in_chaos_v1:dark_vortex":1,"minecraft:villager":6,"enemyexpansion:slugger":1}},"DataVersion":3465}