{"stats":{"minecraft:crafted":{"minecraft:iron_sword":1,"minecraft:bread":9,"minecraft:iron_axe":1,"minecraft:wheat":27},"minecraft:used":{"minecraft:iron_sword":56,"minecraft:torch":12,"alexscaves:cave_book":2,"minecraft:bread":9,"minecraft:iron_pickaxe":82,"minecraft:cyan_carpet":6,"alexsmobs:animal_dictionary":1},"minecraft:custom":{"minecraft:mob_kills":15,"minecraft:interact_with_crafting_table":8,"minecraft:open_barrel":3,"minecraft:interact_with_loom":2,"minecraft:leave_game":2,"minecraft:time_since_death":46692,"minecraft:time_since_rest":46692,"minecraft:sprint_one_cm":84521,"minecraft:damage_taken":476,"minecraft:walk_one_cm":62890,"minecraft:drop":5,"minecraft:damage_dealt":2266,"minecraft:swim_one_cm":160,"minecraft:fly_one_cm":219566,"minecraft:open_chest":22,"minecraft:crouch_one_cm":1614,"minecraft:play_time":46692,"tombstone:undead_killed":3,"minecraft:sneak_time":1753,"minecraft:walk_under_water_one_cm":2887,"tombstone:villager_killed":6,"minecraft:jump":451,"minecraft:interact_with_blast_furnace":1,"minecraft:walk_on_water_one_cm":418,"minecraft:total_world_time":46692,"minecraft:fall_one_cm":13737},"minecraft:mined":{"alexscaves:spelunkery_table":1,"luminousworld:groundpebbles_1":1,"luminousworld:yellowpetunias":1,"iceandfire:silver_ore":1,"luminousworld:purple_petunias":1,"minecraft:dandelion":1,"minecraft:crafting_table":1,"minecraft:torch":3,"minecraft:blast_furnace":1,"minecraft:grass_block":4,"luminousworld:grassvariant_2":2,"minecraft:tall_grass":2,"minecraft:damaged_anvil":3,"minecraft:wall_torch":4,"minecraft:hay_block":3,"minecraft:light_blue_bed":8,"minecraft:furnace":3,"minecraft:iron_ore":4,"minecraft:birch_leaves":1,"minecraft:brown_bed":13,"minecraft:bell":1,"minecraft:grass":5,"minecraft:bookshelf":1,"minecraft:lantern":2,"minecraft:end_rod":3,"minecraft:cyan_carpet":6,"minecraft:dirt":8,"luminousworld:grassvariant_3":1,"minecraft:stone":6,"iceandfire:dread_stone_bricks_cracked":1,"minecraft:oak_leaves":2},"minecraft:killed":{"alexsmobs:hummingbird":1,"alexsmobs:raccoon":2,"born_in_chaos_v1:maggot":1,"undead_revamp2:sucker":2,"minecraft:villager":6,"enemyexpansion:wasp":1,"enemyexpansion:slugger":1},"minecraft:picked_up":{"luminousworld:groundpebbles_1":2,"born_in_chaos_v1:corpse_maggot":1,"minecraft:crafting_table":1,"minecraft:brown_bed":1,"minecraft:lantern":2,"minecraft:cyan_carpet":6,"minecraft:bell":1,"minecraft:furnace":3,"friendsandfoes:totem_of_freezing":1,"minecraft:book":3,"minecraft:raw_iron":4,"minecraft:torch":7,"minecraft:blast_furnace":1,"luminousworld:yellowpetunias":1,"minecraft:hay_block":3,"alexscaves:spelunkery_table":1,"minecraft:blue_ice":2,"minecraft:emerald":1,"minecraft:end_rod":3,"minecraft:damaged_anvil":3,"iceandfire:raw_silver":1,"minecraft:cobblestone":6},"minecraft:dropped":{"luminousworld:yellowpetunias":1,"minecraft:leather_helmet":1,"minecraft:stick":8,"minecraft:leather_chestplate":1,"born_in_chaos_v1:corpse_maggot":1}},"DataVersion":3465}