{"stats":{"minecraft:killed_by":{"undead_revamp2:thespitter":1,"iceandfire:ghost":1,"enemyexpansion:invisicreeper":1},"minecraft:crafted":{"minecraft:oak_planks":24,"born_in_chaos_v1:bone_handle":1,"minecraft:iron_axe":1,"tombstone:grave_key":5,"minecraft:iron_hoe":3,"minecraft:wheat":27,"minecraft:iron_sword":1,"sophisticatedbackpacks:upgrade_base":1,"minecraft:bread":9,"minecraft:air":0,"minecraft:shield":1,"minecraft:stick":8,"minecraft:iron_ingot":4},"minecraft:custom":{"minecraft:mob_kills":77,"minecraft:interact_with_crafting_table":21,"minecraft:open_barrel":42,"minecraft:damage_dealt_resisted":114,"minecraft:leave_game":2,"minecraft:time_since_death":8211,"minecraft:climb_one_cm":4084,"minecraft:sprint_one_cm":225614,"minecraft:walk_one_cm":260848,"minecraft:damage_blocked_by_shield":165,"minecraft:drop":32,"minecraft:play_time":178692,"minecraft:deaths":5,"minecraft:sneak_time":9480,"minecraft:walk_under_water_one_cm":6926,"minecraft:jump":1022,"minecraft:interact_with_blast_furnace":7,"minecraft:walk_on_water_one_cm":4899,"minecraft:total_world_time":178692,"minecraft:interact_with_cartography_table":1,"minecraft:interact_with_loom":2,"minecraft:time_since_rest":7670,"minecraft:damage_taken":3900,"minecraft:trigger_trapped_chest":6,"minecraft:damage_dealt":15158,"minecraft:swim_one_cm":160,"minecraft:fly_one_cm":906840,"minecraft:open_chest":44,"minecraft:crouch_one_cm":11737,"tombstone:undead_killed":34,"tombstone:villager_killed":6,"minecraft:interact_with_smoker":1,"minecraft:fall_one_cm":31189},"minecraft:used":{"minecraft:iron_shovel":19,"minecraft:shield":7,"minecraft:iron_sword":376,"minecraft:torch":158,"minecraft:iron_hoe":736,"minecraft:iron_axe":36,"born_in_chaos_v1:gnawed_bones":2,"minecraft:barrel":2,"friendsandfoes:totem_of_freezing":8,"tombstone:gift":11,"minecraft:cobbled_deepslate":20,"minecraft:deepslate_bricks":3,"minecraft:crafting_table":4,"alexscaves:cave_book":2,"minecraft:blast_furnace":2,"minecraft:diamond_pickaxe":111,"minecraft:bread":43,"minecraft:cyan_carpet":6,"minecraft:iron_pickaxe":111,"minecraft:tnt_minecart":1,"tombstone:grave_key":5,"supplementaries:rope":2,"minecraft:cobblestone":3,"alexsmobs:animal_dictionary":1},"minecraft:mined":{"minecraft:diamond_ore":2,"alexscaves:spelunkery_table":2,"luminousworld:groundpebbles_1":1,"iceandfire:graveyard_soil":13,"luminousworld:yellowpetunias":1,"iceandfire:silver_ore":7,"minecraft:sculk_vein":52,"minecraft:granite":5,"quark:glow_shroom_stem":3,"minecraft:grass_block":6,"born_in_chaos_v1:black_argillite":4,"iceandfire:deepslate_silver_ore":3,"luminousworld:grassvariant_2":5,"luminousworld:clovers_2":1,"minecraft:deepslate_bricks":3,"minecraft:spruce_leaves":5,"born_in_chaos_v1:gnawed_bones":1,"minecraft:hay_block":3,"supplementaries:rope":2,"minecraft:sculk_catalyst":2,"minecraft:furnace":3,"minecraft:iron_ore":8,"minecraft:barrel":2,"minecraft:deepslate_lapis_ore":4,"minecraft:anvil":1,"minecraft:brown_bed":13,"minecraft:bell":1,"minecraft:bookshelf":1,"minecraft:pointed_dripstone":3,"minecraft:vine":2,"minecraft:deepslate_iron_ore":3,"minecraft:rail":2,"minecraft:iron_bars":4,"minecraft:lantern":2,"iceandfire:dread_stone_bricks_cracked":1,"minecraft:stone":15,"minecraft:smithing_table":1,"minecraft:red_bed":1,"luminousworld:purple_petunias":1,"minecraft:dandelion":1,"minecraft:oak_fence":1,"minecraft:crafting_table":5,"born_in_chaos_v1:infected_deepslate_diamond_ore":4,"minecraft:torch":20,"minecraft:blast_furnace":4,"iceandfire:ghost_chest":1,"minecraft:sculk_sensor":8,"quark:glow_shroom_block":9,"minecraft:tall_grass":2,"minecraft:cobblestone":21,"minecraft:oak_planks":9,"minecraft:damaged_anvil":3,"minecraft:sculk":680,"minecraft:iron_door":1,"minecraft:wall_torch":7,"minecraft:skeleton_skull":2,"supplementaries:urn":11,"minecraft:powered_rail":1,"minecraft:trapped_chest":1,"minecraft:light_blue_bed":8,"minecraft:wither_rose":2,"minecraft:birch_leaves":1,"minecraft:tnt":3,"minecraft:grass":9,"minecraft:oak_log":3,"luminousworld:ishstone":1,"minecraft:end_rod":3,"minecraft:gravel":6,"minecraft:cyan_carpet":6,"minecraft:dirt":10,"luminousworld:grassvariant_3":2,"minecraft:cobweb":24,"minecraft:cracked_stone_bricks":1,"quark:glow_shroom_ring":1,"minecraft:stone_bricks":3,"minecraft:mossy_stone_bricks":2,"minecraft:oak_leaves":2,"minecraft:deepslate":33},"minecraft:broken":{"minecraft:iron_sword":1,"minecraft:iron_hoe":2},"minecraft:killed":{"luminousworld:miner_zombie":1,"alexsmobs:hummingbird":1,"minecraft:cave_spider":7,"undead_revamp2:thehunter":1,"born_in_chaos_v1:zombie_lumberjack":1,"alexsmobs:raccoon":2,"minecraft:spider":1,"undead_revamp2:bomber":1,"undead_revamp2:theswarmer":1,"born_in_chaos_v1:maggot":5,"minecraft:skeleton":4,"minecraft:bee":1,"minecraft:silverfish":1,"undead_revamp2:thepregnant":1,"undead_revamp2:sucker":2,"undead_revamp2:thespitter":1,"enemyexpansion:vampflyer":2,"earthmobsmod:bouldering_zombie":3,"minecraft:zombie_villager":5,"born_in_chaos_v1:diamond_termite":9,"cataclysm:the_watcher":1,"earthmobsmod:lobber_zombie":1,"enemyexpansion:sprinter":1,"earthmobsmod:cream_cow":2,"undead_revamp2:theordure":1,"iceandfire:ghost":3,"minecraft:zombie":3,"born_in_chaos_v1:dread_hound":1,"enemyexpansion:vampire":1,"born_in_chaos_v1:dark_vortex":1,"minecraft:villager":6,"enemyexpansion:wasp":1,"enemyexpansion:slugger":1},"minecraft:picked_up":{"minecraft:charcoal":4,"luminousworld:groundpebbles_1":2,"born_in_chaos_v1:diamond_termite_shard":8,"minecraft:crafting_table":6,"minecraft:chainmail_boots":1,"minecraft:anvil":1,"minecraft:chest_minecart":3,"minecraft:smithing_table":1,"minecraft:brown_bed":1,"minecraft:wither_rose":2,"minecraft:chain":2,"born_in_chaos_v1:black_argillite":1,"iceandfire:manuscript":3,"minecraft:string":34,"minecraft:red_bed":1,"minecraft:raw_copper":10,"minecraft:cyan_carpet":6,"iceandfire:graveyard_soil":14,"minecraft:candle":2,"minecraft:tnt_minecart":1,"minecraft:gold_nugget":25,"minecraft:cobbled_deepslate":53,"minecraft:beef":5,"born_in_chaos_v1:gnawed_bones":2,"minecraft:iron_pickaxe":1,"minecraft:melon_slice":7,"supplementaries:rope":2,"minecraft:furnace":3,"minecraft:stick":12,"minecraft:raw_iron":23,"iceandfire:ghost_chest":1,"quark:glow_shroom_ring":4,"sophisticatedbackpacks:stack_upgrade_starter_tier":1,"minecraft:oak_fence":1,"minecraft:torch":119,"minecraft:acacia_log":2,"minecraft:cherry_log":2,"minecraft:pointed_dripstone":5,"tombstone:grave_dust":5,"born_in_chaos_v1:pieceofdarkmetal":1,"minecraft:golden_chestplate":2,"minecraft:tnt":5,"minecraft:arrow":5,"minecraft:rotten_flesh":41,"minecraft:beetroot_seeds":4,"minecraft:deepslate_bricks":3,"minecraft:hay_block":3,"alexscaves:spelunkery_table":2,"minecraft:iron_block":4,"minecraft:gold_ingot":6,"minecraft:end_rod":3,"tombstone:essence_of_undeath":1,"supplementaries:ash":13,"minecraft:glow_berries":4,"minecraft:iron_bars":4,"minecraft:skeleton_skull":2,"minecraft:rail":34,"minecraft:cobblestone":26,"born_in_chaos_v1:corpse_maggot":2,"minecraft:iron_door":1,"luminousworld:ishstone":1,"minecraft:leather":2,"minecraft:potato":11,"minecraft:flint":5,"minecraft:oak_log":6,"supplementaries:flax_seeds":11,"iceandfire:ectoplasm":4,"minecraft:gunpowder":11,"minecraft:dirt":20,"minecraft:lapis_lazuli":33,"minecraft:paper":3,"minecraft:lantern":2,"minecraft:name_tag":2,"born_in_chaos_v1:monster_skin":2,"minecraft:bone":14,"minecraft:stone_bricks":1,"minecraft:wheat_seeds":2,"minecraft:bow":2,"minecraft:raw_gold":4,"quark:glow_shroom":1,"minecraft:bell":1,"minecraft:iron_ingot":20,"minecraft:cobweb":7,"minecraft:powered_rail":1,"minecraft:iron_sword":1,"tombstone:scroll_of_frost_resistance":1,"minecraft:oak_planks":9,"friendsandfoes:totem_of_freezing":1,"minecraft:book":3,"luminousworld:clovers_1":1,"born_in_chaos_v1:ethereal_spirit":1,"minecraft:sand":31,"earthmobsmod:harder_flesh":2,"minecraft:gravel":6,"born_in_chaos_v1:dark_rod":1,"minecraft:blast_furnace":5,"minecraft:barrel":6,"minecraft:trapped_chest":3,"minecraft:spider_eye":2,"minecraft:slime_ball":4,"minecraft:diamond":2,"luminousworld:yellowpetunias":1,"minecraft:iron_helmet":1,"minecraft:diamond_axe":1,"minecraft:blue_ice":2,"minecraft:granite":2,"minecraft:emerald":1,"tombstone:magic_scroll":1,"minecraft:damaged_anvil":3,"minecraft:coal":14,"iceandfire:raw_silver":10},"minecraft:dropped":{"minecraft:candle":1,"luminousworld:yellowpetunias":1,"minecraft:tnt":1,"minecraft:cobblestone":9,"minecraft:chest_minecart":3,"minecraft:rail":32,"minecraft:leather_helmet":1,"minecraft:stick":14,"born_in_chaos_v1:black_argillite":1,"born_in_chaos_v1:monster_skin":1,"minecraft:iron_pickaxe":2,"minecraft:trapped_chest":2,"luminousworld:clovers_1":1,"minecraft:raw_copper":5,"minecraft:name_tag":2,"minecraft:leather_chestplate":1,"minecraft:beetroot_seeds":4,"born_in_chaos_v1:corpse_maggot":1,"minecraft:blue_ice":2,"minecraft:bow":2}},"DataVersion":3465}