{"stats":{"minecraft:killed_by":{"undead_revamp2:thespitter":1,"enemyexpansion:invisicreeper":1},"minecraft:crafted":{"minecraft:oak_planks":24,"born_in_chaos_v1:bone_handle":1,"minecraft:iron_axe":1,"tombstone:grave_key":4,"minecraft:iron_hoe":3,"minecraft:wheat":27,"minecraft:iron_sword":1,"sophisticatedbackpacks:upgrade_base":1,"minecraft:bread":9,"minecraft:shield":1,"minecraft:stick":8},"minecraft:used":{"minecraft:iron_sword":288,"minecraft:torch":142,"minecraft:iron_hoe":340,"minecraft:iron_axe":21,"born_in_chaos_v1:gnawed_bones":2,"minecraft:barrel":2,"friendsandfoes:totem_of_freezing":7,"tombstone:gift":11,"minecraft:cobbled_deepslate":20,"minecraft:crafting_table":4,"alexscaves:cave_book":2,"minecraft:blast_furnace":2,"minecraft:diamond_pickaxe":79,"minecraft:bread":29,"minecraft:cyan_carpet":6,"minecraft:iron_pickaxe":111,"minecraft:tnt_minecart":1,"tombstone:grave_key":4,"supplementaries:rope":2,"minecraft:cobblestone":3,"alexsmobs:animal_dictionary":1},"minecraft:custom":{"minecraft:mob_kills":65,"minecraft:interact_with_crafting_table":19,"minecraft:open_barrel":34,"minecraft:damage_dealt_resisted":114,"minecraft:leave_game":2,"minecraft:time_since_death":41255,"minecraft:climb_one_cm":3781,"minecraft:sprint_one_cm":191999,"minecraft:walk_one_cm":213310,"minecraft:drop":27,"minecraft:play_time":142692,"minecraft:deaths":4,"minecraft:sneak_time":5936,"minecraft:walk_under_water_one_cm":3317,"minecraft:jump":792,"minecraft:interact_with_blast_furnace":5,"minecraft:walk_on_water_one_cm":3571,"minecraft:total_world_time":142692,"minecraft:interact_with_cartography_table":1,"minecraft:interact_with_loom":2,"minecraft:time_since_rest":40363,"minecraft:damage_taken":2970,"minecraft:trigger_trapped_chest":1,"minecraft:damage_dealt":11202,"minecraft:swim_one_cm":160,"minecraft:fly_one_cm":389429,"minecraft:open_chest":36,"minecraft:crouch_one_cm":8156,"tombstone:undead_killed":26,"tombstone:villager_killed":6,"minecraft:fall_one_cm":22743},"minecraft:mined":{"minecraft:diamond_ore":2,"alexscaves:spelunkery_table":1,"luminousworld:groundpebbles_1":1,"luminousworld:yellowpetunias":1,"iceandfire:silver_ore":6,"minecraft:sculk_vein":32,"minecraft:granite":1,"minecraft:grass_block":4,"born_in_chaos_v1:black_argillite":4,"luminousworld:grassvariant_2":2,"minecraft:spruce_leaves":5,"born_in_chaos_v1:gnawed_bones":1,"minecraft:hay_block":3,"supplementaries:rope":2,"minecraft:sculk_catalyst":2,"minecraft:furnace":3,"minecraft:iron_ore":8,"minecraft:barrel":2,"minecraft:anvil":1,"minecraft:brown_bed":13,"minecraft:bell":1,"minecraft:bookshelf":1,"minecraft:pointed_dripstone":3,"minecraft:vine":1,"minecraft:deepslate_iron_ore":1,"minecraft:rail":2,"minecraft:lantern":2,"iceandfire:dread_stone_bricks_cracked":1,"minecraft:stone":15,"minecraft:smithing_table":1,"luminousworld:purple_petunias":1,"minecraft:dandelion":1,"minecraft:oak_fence":1,"minecraft:crafting_table":4,"born_in_chaos_v1:infected_deepslate_diamond_ore":4,"minecraft:torch":20,"minecraft:blast_furnace":2,"minecraft:sculk_sensor":2,"minecraft:tall_grass":2,"minecraft:cobblestone":21,"minecraft:oak_planks":9,"minecraft:damaged_anvil":3,"minecraft:sculk":308,"minecraft:iron_door":1,"minecraft:wall_torch":7,"supplementaries:urn":9,"minecraft:powered_rail":1,"minecraft:trapped_chest":1,"minecraft:light_blue_bed":8,"minecraft:birch_leaves":1,"minecraft:grass":5,"minecraft:oak_log":3,"minecraft:end_rod":3,"minecraft:gravel":6,"minecraft:cyan_carpet":6,"minecraft:dirt":8,"luminousworld:grassvariant_3":1,"minecraft:cobweb":24,"minecraft:cracked_stone_bricks":1,"minecraft:stone_bricks":3,"minecraft:mossy_stone_bricks":2,"minecraft:oak_leaves":2,"minecraft:deepslate":32},"minecraft:broken":{"minecraft:iron_hoe":1},"minecraft:killed":{"luminousworld:miner_zombie":1,"alexsmobs:hummingbird":1,"minecraft:cave_spider":7,"undead_revamp2:thehunter":1,"born_in_chaos_v1:zombie_lumberjack":1,"alexsmobs:raccoon":2,"minecraft:spider":1,"born_in_chaos_v1:maggot":5,"minecraft:skeleton":4,"minecraft:silverfish":1,"undead_revamp2:thepregnant":1,"undead_revamp2:sucker":2,"undead_revamp2:thespitter":1,"enemyexpansion:vampflyer":2,"earthmobsmod:bouldering_zombie":3,"minecraft:zombie_villager":2,"born_in_chaos_v1:diamond_termite":9,"cataclysm:the_watcher":1,"earthmobsmod:lobber_zombie":1,"enemyexpansion:sprinter":1,"undead_revamp2:theordure":1,"minecraft:zombie":3,"born_in_chaos_v1:dread_hound":1,"enemyexpansion:vampire":1,"born_in_chaos_v1:dark_vortex":1,"minecraft:villager":6,"enemyexpansion:wasp":1,"enemyexpansion:slugger":1},"minecraft:picked_up":{"luminousworld:groundpebbles_1":2,"born_in_chaos_v1:diamond_termite_shard":8,"minecraft:crafting_table":4,"minecraft:anvil":1,"minecraft:chest_minecart":3,"minecraft:smithing_table":1,"minecraft:brown_bed":1,"born_in_chaos_v1:black_argillite":1,"minecraft:string":27,"minecraft:cyan_carpet":6,"minecraft:tnt_minecart":1,"minecraft:gold_nugget":25,"minecraft:cobbled_deepslate":35,"born_in_chaos_v1:gnawed_bones":2,"minecraft:iron_pickaxe":1,"supplementaries:rope":2,"minecraft:furnace":3,"minecraft:stick":6,"minecraft:raw_iron":13,"sophisticatedbackpacks:stack_upgrade_starter_tier":1,"minecraft:oak_fence":1,"minecraft:torch":114,"minecraft:acacia_log":2,"minecraft:cherry_log":2,"minecraft:pointed_dripstone":5,"tombstone:grave_dust":3,"born_in_chaos_v1:pieceofdarkmetal":1,"minecraft:arrow":5,"minecraft:rotten_flesh":19,"minecraft:beetroot_seeds":4,"minecraft:hay_block":3,"alexscaves:spelunkery_table":1,"minecraft:end_rod":3,"tombstone:essence_of_undeath":1,"supplementaries:ash":10,"minecraft:glow_berries":4,"minecraft:rail":34,"minecraft:cobblestone":21,"born_in_chaos_v1:corpse_maggot":2,"minecraft:iron_door":1,"minecraft:flint":1,"minecraft:oak_log":6,"supplementaries:flax_seeds":9,"minecraft:gunpowder":4,"minecraft:lapis_lazuli":9,"minecraft:lantern":2,"minecraft:name_tag":2,"born_in_chaos_v1:monster_skin":2,"minecraft:bone":8,"minecraft:stone_bricks":1,"minecraft:bow":2,"minecraft:raw_gold":4,"minecraft:bell":1,"minecraft:iron_ingot":3,"minecraft:powered_rail":1,"minecraft:iron_sword":1,"tombstone:scroll_of_frost_resistance":1,"minecraft:oak_planks":6,"friendsandfoes:totem_of_freezing":1,"minecraft:book":3,"born_in_chaos_v1:ethereal_spirit":1,"earthmobsmod:harder_flesh":2,"minecraft:gravel":4,"born_in_chaos_v1:dark_rod":1,"minecraft:blast_furnace":2,"minecraft:barrel":2,"minecraft:trapped_chest":1,"minecraft:spider_eye":2,"minecraft:slime_ball":4,"minecraft:diamond":2,"luminousworld:yellowpetunias":1,"minecraft:iron_helmet":1,"minecraft:blue_ice":2,"minecraft:emerald":1,"minecraft:damaged_anvil":3,"iceandfire:raw_silver":6},"minecraft:dropped":{"luminousworld:yellowpetunias":1,"minecraft:cobblestone":9,"minecraft:chest_minecart":3,"minecraft:rail":32,"minecraft:leather_helmet":1,"minecraft:stick":14,"born_in_chaos_v1:black_argillite":1,"born_in_chaos_v1:monster_skin":1,"minecraft:iron_pickaxe":2,"minecraft:trapped_chest":1,"minecraft:name_tag":2,"minecraft:leather_chestplate":1,"minecraft:beetroot_seeds":4,"born_in_chaos_v1:corpse_maggot":1,"minecraft:blue_ice":2,"minecraft:bow":2}},"DataVersion":3465}