{"stats":{"minecraft:custom":{"minecraft:jump":12,"minecraft:time_since_rest":2920,"minecraft:walk_one_cm":1881,"minecraft:leave_game":5,"minecraft:sprint_one_cm":34,"minecraft:play_time":5818,"minecraft:time_since_death":2898,"minecraft:walk_on_water_one_cm":117,"minecraft:deaths":1,"minecraft:sneak_time":248,"minecraft:total_world_time":6096,"minecraft:walk_under_water_one_cm":83,"minecraft:fall_one_cm":293,"minecraft:fly_one_cm":64120},"minecraft:used":{"minecraft:netherrack":5,"minecraft:ender_eye":13,"minecraft:flint_and_steel":1,"minecraft:obsidian":16}},"DataVersion":3465}