{"stats":{"minecraft:killed_by":{"undead_revamp2:thespitter":1},"minecraft:crafted":{"minecraft:iron_sword":1,"minecraft:bread":9,"minecraft:iron_axe":1,"tombstone:grave_key":1,"minecraft:iron_hoe":3,"minecraft:stick":8,"minecraft:wheat":27},"minecraft:used":{"minecraft:iron_sword":130,"minecraft:torch":64,"minecraft:crafting_table":2,"alexscaves:cave_book":2,"minecraft:iron_hoe":340,"minecraft:diamond_pickaxe":68,"minecraft:iron_axe":14,"minecraft:bread":18,"minecraft:iron_pickaxe":111,"minecraft:cyan_carpet":6,"minecraft:tnt_minecart":1,"tombstone:grave_key":2,"supplementaries:rope":2,"friendsandfoes:totem_of_freezing":3,"minecraft:cobblestone":2,"tombstone:gift":2,"alexsmobs:animal_dictionary":1,"minecraft:cobbled_deepslate":19},"minecraft:custom":{"minecraft:mob_kills":29,"minecraft:interact_with_crafting_table":11,"minecraft:open_barrel":17,"minecraft:interact_with_loom":2,"minecraft:damage_dealt_resisted":94,"minecraft:leave_game":2,"minecraft:time_since_death":29615,"minecraft:climb_one_cm":762,"minecraft:time_since_rest":28839,"minecraft:sprint_one_cm":115259,"minecraft:damage_taken":1194,"minecraft:walk_one_cm":145629,"minecraft:trigger_trapped_chest":1,"minecraft:drop":11,"minecraft:damage_dealt":4433,"minecraft:swim_one_cm":160,"minecraft:fly_one_cm":323262,"minecraft:open_chest":33,"minecraft:crouch_one_cm":6554,"minecraft:play_time":82692,"tombstone:undead_killed":7,"minecraft:deaths":1,"minecraft:sneak_time":4565,"minecraft:walk_under_water_one_cm":3317,"tombstone:villager_killed":6,"minecraft:jump":585,"minecraft:interact_with_blast_furnace":2,"minecraft:walk_on_water_one_cm":849,"minecraft:total_world_time":82692,"minecraft:fall_one_cm":17596},"minecraft:mined":{"alexscaves:spelunkery_table":1,"luminousworld:groundpebbles_1":1,"luminousworld:yellowpetunias":1,"iceandfire:silver_ore":6,"luminousworld:purple_petunias":1,"minecraft:sculk_vein":32,"minecraft:dandelion":1,"minecraft:oak_fence":1,"minecraft:crafting_table":3,"minecraft:torch":11,"minecraft:granite":1,"minecraft:blast_furnace":2,"minecraft:grass_block":4,"born_in_chaos_v1:black_argillite":4,"minecraft:sculk_sensor":2,"luminousworld:grassvariant_2":2,"minecraft:tall_grass":2,"minecraft:cobblestone":20,"minecraft:oak_planks":9,"minecraft:damaged_anvil":3,"minecraft:sculk":308,"minecraft:wall_torch":5,"supplementaries:urn":2,"minecraft:hay_block":3,"supplementaries:rope":2,"minecraft:trapped_chest":1,"minecraft:powered_rail":1,"minecraft:sculk_catalyst":2,"minecraft:light_blue_bed":8,"minecraft:furnace":3,"minecraft:iron_ore":8,"minecraft:birch_leaves":1,"minecraft:brown_bed":13,"minecraft:bell":1,"minecraft:grass":5,"minecraft:bookshelf":1,"minecraft:pointed_dripstone":3,"minecraft:rail":2,"minecraft:lantern":2,"minecraft:end_rod":3,"minecraft:cobweb":22,"minecraft:cyan_carpet":6,"minecraft:dirt":8,"minecraft:cracked_stone_bricks":1,"luminousworld:grassvariant_3":1,"minecraft:stone_bricks":3,"minecraft:stone":15,"iceandfire:dread_stone_bricks_cracked":1,"minecraft:mossy_stone_bricks":2,"minecraft:oak_leaves":2,"minecraft:deepslate":31},"minecraft:broken":{"minecraft:iron_hoe":1},"minecraft:killed":{"luminousworld:miner_zombie":1,"alexsmobs:hummingbird":1,"minecraft:cave_spider":7,"undead_revamp2:thehunter":1,"cataclysm:the_watcher":1,"alexsmobs:raccoon":2,"minecraft:spider":1,"earthmobsmod:lobber_zombie":1,"born_in_chaos_v1:maggot":1,"undead_revamp2:sucker":2,"minecraft:villager":6,"undead_revamp2:thespitter":1,"enemyexpansion:wasp":1,"enemyexpansion:slugger":1},"minecraft:picked_up":{"luminousworld:groundpebbles_1":2,"born_in_chaos_v1:corpse_maggot":1,"minecraft:crafting_table":3,"minecraft:brown_bed":1,"born_in_chaos_v1:black_argillite":1,"minecraft:string":25,"minecraft:lantern":2,"minecraft:bone":1,"minecraft:cyan_carpet":6,"minecraft:stone_bricks":1,"minecraft:tnt_minecart":1,"minecraft:cobbled_deepslate":27,"minecraft:bell":1,"minecraft:iron_ingot":1,"minecraft:powered_rail":1,"supplementaries:rope":2,"minecraft:oak_planks":6,"minecraft:iron_sword":1,"minecraft:furnace":3,"friendsandfoes:totem_of_freezing":1,"minecraft:book":3,"minecraft:raw_iron":8,"minecraft:oak_fence":1,"minecraft:torch":17,"minecraft:pointed_dripstone":5,"minecraft:blast_furnace":2,"minecraft:trapped_chest":1,"minecraft:spider_eye":2,"minecraft:rotten_flesh":4,"minecraft:iron_helmet":1,"luminousworld:yellowpetunias":1,"minecraft:hay_block":3,"alexscaves:spelunkery_table":1,"minecraft:blue_ice":2,"minecraft:emerald":1,"minecraft:end_rod":3,"supplementaries:ash":6,"minecraft:damaged_anvil":3,"minecraft:rail":4,"iceandfire:raw_silver":6,"minecraft:cobblestone":20},"minecraft:dropped":{"luminousworld:yellowpetunias":1,"minecraft:cobblestone":9,"minecraft:rail":2,"minecraft:leather_helmet":1,"minecraft:stick":10,"minecraft:leather_chestplate":1,"born_in_chaos_v1:black_argillite":1,"born_in_chaos_v1:corpse_maggot":1,"minecraft:blue_ice":2,"minecraft:trapped_chest":1}},"DataVersion":3465}