{
  "global:moggla": {
    "criteria": {
      "trigger": "2024-07-25 13:54:23 +0000"
    },
    "done": true
  },
  "vanillatweaks:root": {
    "criteria": {
      "tick": "2024-07-25 13:54:23 +0000"
    },
    "done": true
  },
  "global:timber/timber": {
    "criteria": {
      "trigger": "2024-07-25 13:54:23 +0000"
    },
    "done": true
  },
  "vanillatweaks:multiplayer_sleep": {
    "criteria": {
      "tick": "2024-07-25 13:54:23 +0000"
    },
    "done": true
  },
  "vanillatweaks:armored_elytra": {
    "criteria": {
      "tick": "2024-07-25 13:54:23 +0000"
    },
    "done": true
  },
  "minecraft:recipes/decorations/crafting_table": {
    "criteria": {
      "unlock_right_away": "2024-07-25 13:54:23 +0000"
    },
    "done": true
  },
  "vanillatweaks:chunk_loaders": {
    "criteria": {
      "tick": "2024-07-25 13:54:23 +0000"
    },
    "done": true
  },
  "minecraft:adventure/adventuring_time": {
    "criteria": {
      "minecraft:sunflower_plains": "2024-07-25 13:54:23 +0000"
    },
    "done": false
  },
  "vanillatweaks:terracotta_wrench": {
    "criteria": {
      "tick": "2024-07-25 13:54:23 +0000"
    },
    "done": true
  },
  "vanillatweaks:anti_enderman_grief": {
    "criteria": {
      "tick": "2024-07-25 13:54:23 +0000"
    },
    "done": true
  },
  "global:root": {
    "criteria": {
      "trigger": "2024-07-25 13:54:23 +0000"
    },
    "done": true
  },
  "minecraft:adventure/sleep_in_bed": {
    "criteria": {
      "slept_in_bed": "2024-07-25 14:12:11 +0000"
    },
    "done": true
  },
  "minecraft:adventure/root": {
    "criteria": {
      "killed_by_something": "2024-07-26 00:57:20 +0000"
    },
    "done": true
  },
  "DataVersion": 3465
}