{
  "minecraft:recipes/decorations/crafting_table": {
    "criteria": {
      "unlock_right_away": "2024-07-23 18:04:02 +0000"
    },
    "done": true
  },
  "minecraft:adventure/adventuring_time": {
    "criteria": {
      "minecraft:old_growth_pine_taiga": "2024-07-23 18:05:13 +0000",
      "minecraft:taiga": "2024-07-23 18:04:42 +0000",
      "minecraft:river": "2024-07-23 18:05:12 +0000",
      "minecraft:grove": "2024-07-23 18:04:44 +0000",
      "minecraft:jagged_peaks": "2024-07-23 18:04:02 +0000",
      "minecraft:old_growth_spruce_taiga": "2024-07-23 18:04:20 +0000",
      "minecraft:meadow": "2024-07-23 18:05:15 +0000"
    },
    "done": false
  },
  "DataVersion": 3465
}