{
  "vanillatweaks:root": {
    "criteria": {
      "tick": "2024-07-23 23:27:12 +0000"
    },
    "done": true
  },
  "vanillatweaks:timber": {
    "criteria": {
      "tick": "2024-07-23 23:27:12 +0000"
    },
    "done": true
  },
  "vanillatweaks:multiplayer_sleep": {
    "criteria": {
      "tick": "2024-07-23 23:27:12 +0000"
    },
    "done": true
  },
  "vanillatweaks:armored_elytra": {
    "criteria": {
      "tick": "2024-07-23 23:27:12 +0000"
    },
    "done": true
  },
  "minecraft:recipes/decorations/crafting_table": {
    "criteria": {
      "unlock_right_away": "2024-07-23 23:27:12 +0000"
    },
    "done": true
  },
  "vanillatweaks:chunk_loaders": {
    "criteria": {
      "tick": "2024-07-23 23:27:12 +0000"
    },
    "done": true
  },
  "minecraft:adventure/adventuring_time": {
    "criteria": {
      "minecraft:plains": "2024-07-23 23:27:12 +0000"
    },
    "done": false
  },
  "vanillatweaks:terracotta_wrench": {
    "criteria": {
      "tick": "2024-07-23 23:27:12 +0000"
    },
    "done": true
  },
  "vanillatweaks:anti_enderman_grief": {
    "criteria": {
      "tick": "2024-07-23 23:27:12 +0000"
    },
    "done": true
  },
  "DataVersion": 3465
}